escopo,nome_escopo,grupo,mes,indice_admissoes,indice_desligamentos,anos,amostra_media
31,MG,78,1,1.0002,1.0745,3,5375.2
31,MG,78,2,1.0037,0.9277,3,5375.2
31,MG,78,3,1.1283,0.9282,3,5375.2
31,MG,78,4,0.9902,0.935,3,5375.2
31,MG,78,5,1.0002,1.0778,3,5375.2
31,MG,78,6,1.062,0.9507,3,5375.2
31,MG,78,7,1.0159,1.038,3,5375.2
31,MG,78,8,0.968,0.9763,3,5375.2
31,MG,78,9,1.0112,1.0129,3,5375.2
31,MG,78,10,1.1199,1.0006,3,5375.2
31,MG,78,11,1.0056,1.0336,3,5375.2
31,MG,78,12,0.6949,1.0446,3,5375.2
312510,Extrema,78,1,0.7032,0.9595,3,496.7
312510,Extrema,78,2,1.1381,1.0553,3,496.7
312510,Extrema,78,3,1.0651,0.9587,3,496.7
312510,Extrema,78,4,0.9323,0.8218,3,496.7
312510,Extrema,78,5,0.9546,0.8183,3,496.7
312510,Extrema,78,6,0.8653,0.945,3,496.7
312510,Extrema,78,7,0.9297,0.9079,3,496.7
312510,Extrema,78,8,1.166,0.9793,3,496.7
312510,Extrema,78,9,1.0057,1.0649,3,496.7
312510,Extrema,78,10,1.3022,1.164,3,496.7
312510,Extrema,78,11,1.2533,1.1538,3,496.7
312510,Extrema,78,12,0.6845,1.1712,3,496.7
312510,Extrema,A,1,1.6059,1.3633,2,1.9
312510,Extrema,A,2,0.9064,0.648,2,1.9
312510,Extrema,A,3,0.9064,1.4306,2,1.9
312510,Extrema,A,4,1.2709,0.9088,2,1.9
312510,Extrema,A,5,1.1133,1.0351,2,1.9
312510,Extrema,A,6,0.6995,1.0351,2,1.9
312510,Extrema,A,7,1.1133,0.4544,2,1.9
312510,Extrema,A,8,0.8571,1.2959,2,1.9
312510,Extrema,A,9,1.1921,0.648,2,1.9
312510,Extrema,A,10,1.064,1.0435,2,1.9
312510,Extrema,A,11,0.2069,0.5217,2,1.9
312510,Extrema,A,12,1.064,1.6157,2,1.9
312510,Extrema,C,1,1.1849,0.8905,3,609.9
312510,Extrema,C,2,1.093,0.9813,3,609.9
312510,Extrema,C,3,1.1416,0.8265,3,609.9
312510,Extrema,C,4,1.1781,0.9902,3,609.9
312510,Extrema,C,5,0.9714,1.0322,3,609.9
312510,Extrema,C,6,0.9655,0.9999,3,609.9
312510,Extrema,C,7,0.9377,1.1491,3,609.9
312510,Extrema,C,8,1.309,1.0082,3,609.9
312510,Extrema,C,9,1.0347,0.9681,3,609.9
312510,Extrema,C,10,0.893,0.9256,3,609.9
312510,Extrema,C,11,0.7744,0.9615,3,609.9
312510,Extrema,C,12,0.5168,1.2668,3,609.9
312510,Extrema,D,1,0.7473,0.8,2,1.4
312510,Extrema,D,2,3.0989,2.4,2,1.4
312510,Extrema,D,3,0.0,2.0,2,1.4
312510,Extrema,D,4,1.6044,0.0,2,1.4
312510,Extrema,D,5,0.2857,1.2,2,1.4
312510,Extrema,D,6,1.033,0.8,2,1.4
312510,Extrema,D,7,1.3846,0.8,2,1.4
312510,Extrema,D,8,1.6703,0.4,2,1.4
312510,Extrema,D,9,1.033,0.0,2,1.4
312510,Extrema,D,10,0.2857,0.8,2,1.4
312510,Extrema,D,11,0.8571,0.8,2,1.4
312510,Extrema,D,12,0.0,2.0,2,1.4
312510,Extrema,F,1,1.2755,0.9533,3,36.6
312510,Extrema,F,2,1.2898,0.6511,3,36.6
312510,Extrema,F,3,1.3036,1.0579,3,36.6
312510,Extrema,F,4,1.0671,1.1325,3,36.6
312510,Extrema,F,5,1.0547,0.9718,3,36.6
312510,Extrema,F,6,0.8445,1.1057,3,36.6
312510,Extrema,F,7,0.9071,1.068,3,36.6
312510,Extrema,F,8,0.9886,1.0541,3,36.6
312510,Extrema,F,9,0.8869,0.9203,3,36.6
312510,Extrema,F,10,1.0279,1.1306,3,36.6
312510,Extrema,F,11,0.6623,0.9547,3,36.6
312510,Extrema,F,12,0.6919,1.0,3,36.6
312510,Extrema,G,1,1.1038,1.2613,3,431.4
312510,Extrema,G,2,1.0695,1.073,3,431.4
312510,Extrema,G,3,1.0206,0.9711,3,431.4
312510,Extrema,G,4,0.9075,1.0369,3,431.4
312510,Extrema,G,5,1.0239,0.9381,3,431.4
312510,Extrema,G,6,1.2358,0.9758,3,431.4
312510,Extrema,G,7,1.077,1.2015,3,431.4
312510,Extrema,G,8,1.0667,1.0835,3,431.4
312510,Extrema,G,9,1.0266,0.8748,3,431.4
312510,Extrema,G,10,1.0265,0.9558,3,431.4
312510,Extrema,G,11,0.7979,0.7483,3,431.4
312510,Extrema,G,12,0.6441,0.8798,3,431.4
312510,Extrema,H,1,0.9675,0.9878,3,582.6
312510,Extrema,H,2,1.0273,0.9451,3,582.6
312510,Extrema,H,3,1.1376,0.9532,3,582.6
312510,Extrema,H,4,0.9369,1.0898,3,582.6
312510,Extrema,H,5,0.789,0.9402,3,582.6
312510,Extrema,H,6,0.9739,0.9363,3,582.6
312510,Extrema,H,7,0.7908,1.0097,3,582.6
312510,Extrema,H,8,1.2815,1.1069,3,582.6
312510,Extrema,H,9,1.1366,0.9977,3,582.6
312510,Extrema,H,10,1.0237,1.0221,3,582.6
312510,Extrema,H,11,0.9572,0.964,3,582.6
312510,Extrema,H,12,0.9778,1.0471,3,582.6
312510,Extrema,I,1,0.9365,2.1408,3,84.7
312510,Extrema,I,2,1.1849,0.8856,3,84.7
312510,Extrema,I,3,1.1402,1.0809,3,84.7
312510,Extrema,I,4,1.1054,0.9226,3,84.7
312510,Extrema,I,5,1.1111,0.9853,3,84.7
312510,Extrema,I,6,0.9468,0.7188,3,84.7
312510,Extrema,I,7,0.9918,0.9039,3,84.7
312510,Extrema,I,8,1.0039,0.9373,3,84.7
312510,Extrema,I,9,1.0575,0.855,3,84.7
312510,Extrema,I,10,0.8896,0.8671,3,84.7
312510,Extrema,I,11,0.8978,0.8238,3,84.7
312510,Extrema,I,12,0.7345,0.8789,3,84.7
312510,Extrema,J,1,0.147,1.7501,3,14.1
312510,Extrema,J,2,0.3663,1.2312,3,14.1
312510,Extrema,J,3,2.3166,0.8771,3,14.1
312510,Extrema,J,4,1.6731,1.201,3,14.1
312510,Extrema,J,5,0.1153,0.5514,3,14.1
312510,Extrema,J,6,0.1687,0.4367,3,14.1
312510,Extrema,J,7,1.4493,0.7855,3,14.1
312510,Extrema,J,8,0.9142,1.236,3,14.1
312510,Extrema,J,9,1.7794,1.0345,3,14.1
312510,Extrema,J,10,1.2316,1.1016,3,14.1
312510,Extrema,J,11,1.7619,0.6934,3,14.1
312510,Extrema,J,12,0.0764,1.1015,3,14.1
312510,Extrema,K,1,1.1923,1.204,3,7.0
312510,Extrema,K,2,0.6868,0.4203,3,7.0
312510,Extrema,K,3,1.3163,1.2877,3,7.0
312510,Extrema,K,4,1.7796,1.4246,3,7.0
312510,Extrema,K,5,1.1923,1.3688,3,7.0
312510,Extrema,K,6,0.5819,0.789,3,7.0
312510,Extrema,K,7,0.8843,0.7424,3,7.0
312510,Extrema,K,8,1.2676,0.6903,3,7.0
312510,Extrema,K,9,0.8638,0.6613,3,7.0
312510,Extrema,K,10,0.3811,1.3376,3,7.0
312510,Extrema,K,11,1.0425,1.0354,3,7.0
312510,Extrema,K,12,0.8115,1.0386,3,7.0
312510,Extrema,L,1,1.4244,0.8145,2,3.1
312510,Extrema,L,2,0.4688,0.9321,2,3.1
312510,Extrema,L,3,1.0554,0.9683,2,3.1
312510,Extrema,L,4,0.6562,0.8507,2,3.1
312510,Extrema,L,5,0.9496,0.8959,2,3.1
312510,Extrema,L,6,1.1492,0.8597,2,3.1
312510,Extrema,L,7,0.756,1.4661,2,3.1
312510,Extrema,L,8,1.7298,1.2036,2,3.1
312510,Extrema,L,9,0.7621,0.7059,2,3.1
312510,Extrema,L,10,0.6623,0.9321,2,3.1
312510,Extrema,L,11,0.8438,0.7783,2,3.1
312510,Extrema,L,12,1.5423,1.5928,2,3.1
312510,Extrema,M,1,1.0118,0.6624,3,8.7
312510,Extrema,M,2,1.4615,1.3386,3,8.7
312510,Extrema,M,3,1.2082,1.2542,3,8.7
312510,Extrema,M,4,0.6389,1.3106,3,8.7
312510,Extrema,M,5,0.9424,1.0021,3,8.7
312510,Extrema,M,6,0.8325,0.7735,3,8.7
312510,Extrema,M,7,1.1786,0.9373,3,8.7
312510,Extrema,M,8,0.9927,0.8847,3,8.7
312510,Extrema,M,9,0.9566,0.9567,3,8.7
312510,Extrema,M,10,1.2296,0.9554,3,8.7
312510,Extrema,M,11,1.2721,0.8262,3,8.7
312510,Extrema,M,12,0.2751,1.0983,3,8.7
312510,Extrema,N,1,0.7182,0.9533,3,575.5
312510,Extrema,N,2,1.1142,1.0084,3,575.5
312510,Extrema,N,3,1.0425,0.9337,3,575.5
312510,Extrema,N,4,0.9928,0.8555,3,575.5
312510,Extrema,N,5,0.9493,0.8471,3,575.5
312510,Extrema,N,6,0.8733,0.9587,3,575.5
312510,Extrema,N,7,0.9242,0.9021,3,575.5
312510,Extrema,N,8,1.165,0.9697,3,575.5
312510,Extrema,N,9,1.0284,1.0672,3,575.5
312510,Extrema,N,10,1.2855,1.1597,3,575.5
312510,Extrema,N,11,1.1995,1.1423,3,575.5
312510,Extrema,N,12,0.7072,1.2024,3,575.5
312510,Extrema,P,1,0.8025,0.6655,3,113.8
312510,Extrema,P,2,1.4781,0.7536,3,113.8
312510,Extrema,P,3,1.1606,1.1022,3,113.8
312510,Extrema,P,4,1.116,0.9945,3,113.8
312510,Extrema,P,5,1.0386,0.8019,3,113.8
312510,Extrema,P,6,0.9219,1.2772,3,113.8
312510,Extrema,P,7,0.7622,1.5145,3,113.8
312510,Extrema,P,8,1.302,0.9359,3,113.8
312510,Extrema,P,9,0.4097,0.6376,3,113.8
312510,Extrema,P,10,0.9644,0.8443,3,113.8
312510,Extrema,P,11,1.0875,0.7619,3,113.8
312510,Extrema,P,12,0.9565,1.7107,3,113.8
312510,Extrema,Q,1,1.1562,1.1145,3,14.7
312510,Extrema,Q,2,1.2952,1.0808,3,14.7
312510,Extrema,Q,3,1.2552,1.1853,3,14.7
312510,Extrema,Q,4,1.421,1.2347,3,14.7
312510,Extrema,Q,5,0.8905,0.7607,3,14.7
312510,Extrema,Q,6,0.9076,1.051,3,14.7
312510,Extrema,Q,7,0.9419,0.7485,3,14.7
312510,Extrema,Q,8,0.8714,1.1792,3,14.7
312510,Extrema,Q,9,0.8914,1.0088,3,14.7
312510,Extrema,Q,10,1.0457,1.0697,3,14.7
312510,Extrema,Q,11,0.6971,0.7909,3,14.7
312510,Extrema,Q,12,0.6267,0.7759,3,14.7
312510,Extrema,R,1,1.1088,0.6758,2,2.4
312510,Extrema,R,2,0.985,0.4286,2,2.4
312510,Extrema,R,3,1.1088,1.7802,2,2.4
312510,Extrema,R,4,0.7542,1.9615,2,2.4
312510,Extrema,R,5,1.1088,1.3516,2,2.4
312510,Extrema,R,6,1.5929,0.8901,2,2.4
312510,Extrema,R,7,0.9006,1.8132,2,2.4
312510,Extrema,R,8,0.878,1.1044,2,2.4
312510,Extrema,R,9,0.2308,0.2143,2,2.4
312510,Extrema,R,10,0.7542,0.8901,2,2.4
312510,Extrema,R,11,1.5929,0.6758,2,2.4
312510,Extrema,R,12,0.985,0.2143,2,2.4
312510,Extrema,S,1,1.8546,1.287,3,24.4
312510,Extrema,S,2,1.9762,1.0369,3,24.4
312510,Extrema,S,3,1.6119,1.4057,3,24.4
312510,Extrema,S,4,1.5239,1.0926,3,24.4
312510,Extrema,S,5,0.9123,1.1773,3,24.4
312510,Extrema,S,6,0.5923,1.2384,3,24.4
312510,Extrema,S,7,0.7741,0.6911,3,24.4
312510,Extrema,S,8,0.452,0.7495,3,24.4
312510,Extrema,S,9,0.5014,0.6974,3,24.4
312510,Extrema,S,10,0.9283,0.8924,3,24.4
312510,Extrema,S,11,0.4583,0.7201,3,24.4
312510,Extrema,S,12,0.4148,1.0116,3,24.4
35,SP,78,1,0.9347,1.0436,3,70212.2
35,SP,78,2,0.8808,0.8806,3,70212.2
35,SP,78,3,0.9704,0.9951,3,70212.2
35,SP,78,4,0.9285,0.9144,3,70212.2
35,SP,78,5,0.9413,0.9285,3,70212.2
35,SP,78,6,0.9656,0.9108,3,70212.2
35,SP,78,7,0.9778,0.9854,3,70212.2
35,SP,78,8,0.9291,0.9384,3,70212.2
35,SP,78,9,1.0213,0.9303,3,70212.2
35,SP,78,10,1.1952,1.025,3,70212.2
35,SP,78,11,1.2702,1.0114,3,70212.2
35,SP,78,12,0.9851,1.4365,3,70212.2
350410,Atibaia,78,1,0.6354,0.6989,3,81.9
350410,Atibaia,78,2,0.9143,0.8294,3,81.9
350410,Atibaia,78,3,0.9104,0.7476,3,81.9
350410,Atibaia,78,4,0.8813,0.932,3,81.9
350410,Atibaia,78,5,0.899,0.9591,3,81.9
350410,Atibaia,78,6,1.3028,1.1002,3,81.9
350410,Atibaia,78,7,1.3769,1.331,3,81.9
350410,Atibaia,78,8,1.0248,1.4078,3,81.9
350410,Atibaia,78,9,1.2718,1.0436,3,81.9
350410,Atibaia,78,10,1.1711,1.1161,3,81.9
350410,Atibaia,78,11,1.0554,0.8871,3,81.9
350410,Atibaia,78,12,0.5567,0.9473,3,81.9
350410,Atibaia,A,1,1.0544,1.056,3,54.2
350410,Atibaia,A,2,1.2849,1.2009,3,54.2
350410,Atibaia,A,3,1.1279,1.2823,3,54.2
350410,Atibaia,A,4,1.0495,0.8958,3,54.2
350410,Atibaia,A,5,1.1532,0.8934,3,54.2
350410,Atibaia,A,6,1.0215,1.01,3,54.2
350410,Atibaia,A,7,0.8934,0.8917,3,54.2
350410,Atibaia,A,8,0.8573,0.9575,3,54.2
350410,Atibaia,A,9,0.9336,0.8164,3,54.2
350410,Atibaia,A,10,1.0677,1.0309,3,54.2
350410,Atibaia,A,11,0.7338,1.0365,3,54.2
350410,Atibaia,A,12,0.8228,0.9287,3,54.2
350410,Atibaia,C,1,0.9488,0.8797,3,442.0
350410,Atibaia,C,2,1.0009,0.9358,3,442.0
350410,Atibaia,C,3,1.1014,1.1502,3,442.0
350410,Atibaia,C,4,0.9838,1.0021,3,442.0
350410,Atibaia,C,5,1.0324,0.9051,3,442.0
350410,Atibaia,C,6,1.092,1.017,3,442.0
350410,Atibaia,C,7,1.111,1.0455,3,442.0
350410,Atibaia,C,8,1.1531,1.0382,3,442.0
350410,Atibaia,C,9,1.1679,1.0463,3,442.0
350410,Atibaia,C,10,1.0446,1.1001,3,442.0
350410,Atibaia,C,11,0.8451,0.935,3,442.0
350410,Atibaia,C,12,0.519,0.9452,3,442.0
350410,Atibaia,E,1,0.841,1.4217,3,7.4
350410,Atibaia,E,2,1.3197,1.5355,3,7.4
350410,Atibaia,E,3,1.3365,1.1246,3,7.4
350410,Atibaia,E,4,0.7646,1.1913,3,7.4
350410,Atibaia,E,5,0.7598,0.5536,3,7.4
350410,Atibaia,E,6,0.9115,0.5942,3,7.4
350410,Atibaia,E,7,1.5182,0.8283,3,7.4
350410,Atibaia,E,8,1.3129,1.1239,3,7.4
350410,Atibaia,E,9,0.874,0.8739,3,7.4
350410,Atibaia,E,10,0.9676,1.4949,3,7.4
350410,Atibaia,E,11,0.9024,0.5906,3,7.4
350410,Atibaia,E,12,0.4918,0.6674,3,7.4
350410,Atibaia,F,1,1.05,0.8577,3,177.0
350410,Atibaia,F,2,0.9855,0.8464,3,177.0
350410,Atibaia,F,3,1.1578,0.8289,3,177.0
350410,Atibaia,F,4,1.1677,0.8385,3,177.0
350410,Atibaia,F,5,1.0349,1.0903,3,177.0
350410,Atibaia,F,6,1.0194,1.1393,3,177.0
350410,Atibaia,F,7,0.9789,1.2018,3,177.0
350410,Atibaia,F,8,0.9721,1.11,3,177.0
350410,Atibaia,F,9,1.2282,1.0597,3,177.0
350410,Atibaia,F,10,0.9098,1.1501,3,177.0
350410,Atibaia,F,11,0.7253,0.9195,3,177.0
350410,Atibaia,F,12,0.7704,0.9578,3,177.0
350410,Atibaia,G,1,0.843,1.0896,3,625.2
350410,Atibaia,G,2,1.1153,1.0431,3,625.2
350410,Atibaia,G,3,1.056,1.0542,3,625.2
350410,Atibaia,G,4,1.0055,0.9571,3,625.2
350410,Atibaia,G,5,0.9892,1.0208,3,625.2
350410,Atibaia,G,6,0.9611,0.9469,3,625.2
350410,Atibaia,G,7,1.0525,0.9579,3,625.2
350410,Atibaia,G,8,1.0784,1.0171,3,625.2
350410,Atibaia,G,9,0.9831,1.0195,3,625.2
350410,Atibaia,G,10,1.0749,1.0959,3,625.2
350410,Atibaia,G,11,0.9948,0.8822,3,625.2
350410,Atibaia,G,12,0.8463,0.9157,3,625.2
350410,Atibaia,H,1,0.6917,1.0562,3,84.6
350410,Atibaia,H,2,1.1945,0.8222,3,84.6
350410,Atibaia,H,3,0.9276,0.9661,3,84.6
350410,Atibaia,H,4,1.0089,0.8613,3,84.6
350410,Atibaia,H,5,1.0903,1.1605,3,84.6
350410,Atibaia,H,6,1.0698,1.0448,3,84.6
350410,Atibaia,H,7,0.949,1.0448,3,84.6
350410,Atibaia,H,8,0.9327,1.0279,3,84.6
350410,Atibaia,H,9,1.114,1.0028,3,84.6
350410,Atibaia,H,10,1.2158,1.0031,3,84.6
350410,Atibaia,H,11,0.9958,1.0713,3,84.6
350410,Atibaia,H,12,0.81,0.939,3,84.6
350410,Atibaia,I,1,0.7986,1.115,3,245.3
350410,Atibaia,I,2,1.2172,0.9813,3,245.3
350410,Atibaia,I,3,1.2168,1.1334,3,245.3
350410,Atibaia,I,4,1.0922,1.0429,3,245.3
350410,Atibaia,I,5,1.092,0.9886,3,245.3
350410,Atibaia,I,6,1.0439,0.9745,3,245.3
350410,Atibaia,I,7,1.0684,1.0404,3,245.3
350410,Atibaia,I,8,1.0253,0.9652,3,245.3
350410,Atibaia,I,9,0.9226,0.9216,3,245.3
350410,Atibaia,I,10,0.9513,1.0259,3,245.3
350410,Atibaia,I,11,0.9026,0.9035,3,245.3
350410,Atibaia,I,12,0.6689,0.9078,3,245.3
350410,Atibaia,J,1,0.931,1.0178,3,33.0
350410,Atibaia,J,2,1.0534,0.84,3,33.0
350410,Atibaia,J,3,0.7588,0.96,3,33.0
350410,Atibaia,J,4,1.0754,1.1215,3,33.0
350410,Atibaia,J,5,1.3298,0.9066,3,33.0
350410,Atibaia,J,6,0.9982,0.769,3,33.0
350410,Atibaia,J,7,1.169,0.8489,3,33.0
350410,Atibaia,J,8,1.2953,1.0656,3,33.0
350410,Atibaia,J,9,0.8631,1.0856,3,33.0
350410,Atibaia,J,10,0.9178,1.1333,3,33.0
350410,Atibaia,J,11,0.8588,1.0029,3,33.0
350410,Atibaia,J,12,0.7494,1.2487,3,33.0
350410,Atibaia,K,1,0.9354,1.1206,3,15.8
350410,Atibaia,K,2,1.3689,0.9907,3,15.8
350410,Atibaia,K,3,0.9492,1.3012,3,15.8
350410,Atibaia,K,4,1.0663,1.0295,3,15.8
350410,Atibaia,K,5,0.9795,1.2002,3,15.8
350410,Atibaia,K,6,0.9342,0.6608,3,15.8
350410,Atibaia,K,7,1.0234,0.832,3,15.8
350410,Atibaia,K,8,1.1488,1.1874,3,15.8
350410,Atibaia,K,9,1.1417,1.1083,3,15.8
350410,Atibaia,K,10,1.2259,0.8683,3,15.8
350410,Atibaia,K,11,0.8869,0.9422,3,15.8
350410,Atibaia,K,12,0.3398,0.7588,3,15.8
350410,Atibaia,L,1,0.77,1.4142,3,9.5
350410,Atibaia,L,2,1.1114,0.9094,3,9.5
350410,Atibaia,L,3,1.2401,1.1158,3,9.5
350410,Atibaia,L,4,1.4757,1.1128,3,9.5
350410,Atibaia,L,5,1.317,1.4319,3,9.5
350410,Atibaia,L,6,0.9119,0.5321,3,9.5
350410,Atibaia,L,7,0.8421,0.8129,3,9.5
350410,Atibaia,L,8,0.937,1.1593,3,9.5
350410,Atibaia,L,9,1.3542,0.7856,3,9.5
350410,Atibaia,L,10,0.8817,1.0841,3,9.5
350410,Atibaia,L,11,0.6392,0.7465,3,9.5
350410,Atibaia,L,12,0.5198,0.8954,3,9.5
350410,Atibaia,M,1,1.0416,0.8728,3,56.8
350410,Atibaia,M,2,1.3712,1.0535,3,56.8
350410,Atibaia,M,3,1.0359,1.3321,3,56.8
350410,Atibaia,M,4,1.1326,1.0142,3,56.8
350410,Atibaia,M,5,1.0213,1.1107,3,56.8
350410,Atibaia,M,6,0.9553,0.9961,3,56.8
350410,Atibaia,M,7,0.8764,0.9552,3,56.8
350410,Atibaia,M,8,1.1652,1.0273,3,56.8
350410,Atibaia,M,9,0.9383,1.0931,3,56.8
350410,Atibaia,M,10,1.2092,0.9343,3,56.8
350410,Atibaia,M,11,0.7651,0.8662,3,56.8
350410,Atibaia,M,12,0.4879,0.7446,3,56.8
350410,Atibaia,N,1,1.013,0.8906,3,225.7
350410,Atibaia,N,2,0.9627,0.8903,3,225.7
350410,Atibaia,N,3,1.0354,0.9622,3,225.7
350410,Atibaia,N,4,0.9525,0.9567,3,225.7
350410,Atibaia,N,5,0.9691,1.0354,3,225.7
350410,Atibaia,N,6,1.1389,1.0476,3,225.7
350410,Atibaia,N,7,1.1123,1.1177,3,225.7
350410,Atibaia,N,8,1.0987,1.2459,3,225.7
350410,Atibaia,N,9,1.0992,1.0178,3,225.7
350410,Atibaia,N,10,1.0321,1.0153,3,225.7
350410,Atibaia,N,11,0.9568,0.8879,3,225.7
350410,Atibaia,N,12,0.6291,0.9327,3,225.7
350410,Atibaia,O,1,0.3066,1.0221,3,32.0
350410,Atibaia,O,2,0.7576,1.1364,3,32.0
350410,Atibaia,O,3,0.5608,0.9572,3,32.0
350410,Atibaia,O,4,1.6613,1.1001,3,32.0
350410,Atibaia,O,5,1.2534,0.9262,3,32.0
350410,Atibaia,O,6,1.7623,0.8821,3,32.0
350410,Atibaia,O,7,2.2648,1.0945,3,32.0
350410,Atibaia,O,8,1.8258,1.6028,3,32.0
350410,Atibaia,O,9,0.9116,1.0732,3,32.0
350410,Atibaia,O,10,0.358,0.9948,3,32.0
350410,Atibaia,O,11,0.1481,0.7676,3,32.0
350410,Atibaia,O,12,0.1896,0.4432,3,32.0
350410,Atibaia,P,1,1.8523,1.0978,3,52.5
350410,Atibaia,P,2,2.1276,0.9364,3,52.5
350410,Atibaia,P,3,1.1942,1.1296,3,52.5
350410,Atibaia,P,4,1.0341,0.9858,3,52.5
350410,Atibaia,P,5,0.8565,0.9271,3,52.5
350410,Atibaia,P,6,0.6533,1.0641,3,52.5
350410,Atibaia,P,7,0.5517,0.8989,3,52.5
350410,Atibaia,P,8,1.4712,0.8508,3,52.5
350410,Atibaia,P,9,0.9008,0.7573,3,52.5
350410,Atibaia,P,10,0.7425,0.7219,3,52.5
350410,Atibaia,P,11,0.4635,0.6091,3,52.5
350410,Atibaia,P,12,0.1523,2.0212,3,52.5
350410,Atibaia,Q,1,1.4998,0.8577,3,174.6
350410,Atibaia,Q,2,0.9786,0.9974,3,174.6
350410,Atibaia,Q,3,1.1672,1.2259,3,174.6
350410,Atibaia,Q,4,1.1263,0.802,3,174.6
350410,Atibaia,Q,5,1.1766,0.9417,3,174.6
350410,Atibaia,Q,6,0.8993,0.9397,3,174.6
350410,Atibaia,Q,7,0.9269,0.9206,3,174.6
350410,Atibaia,Q,8,0.9116,0.9552,3,174.6
350410,Atibaia,Q,9,0.9608,0.956,3,174.6
350410,Atibaia,Q,10,0.8684,0.8565,3,174.6
350410,Atibaia,Q,11,0.797,0.7781,3,174.6
350410,Atibaia,Q,12,0.6875,1.769,3,174.6
350410,Atibaia,R,1,0.7916,0.8368,3,18.2
350410,Atibaia,R,2,1.9502,0.9753,3,18.2
350410,Atibaia,R,3,1.1542,1.0924,3,18.2
350410,Atibaia,R,4,1.2617,0.6897,3,18.2
350410,Atibaia,R,5,1.0358,1.2082,3,18.2
350410,Atibaia,R,6,0.7332,0.6496,3,18.2
350410,Atibaia,R,7,0.6209,0.5972,3,18.2
350410,Atibaia,R,8,0.9301,0.6837,3,18.2
350410,Atibaia,R,9,1.3159,0.9185,3,18.2
350410,Atibaia,R,10,0.9554,0.8714,3,18.2
350410,Atibaia,R,11,0.8347,0.9515,3,18.2
350410,Atibaia,R,12,0.4164,2.5255,3,18.2
350410,Atibaia,S,1,1.8509,0.741,3,35.7
350410,Atibaia,S,2,2.24,1.0468,3,35.7
350410,Atibaia,S,3,1.0546,1.1797,3,35.7
350410,Atibaia,S,4,1.1684,0.7782,3,35.7
350410,Atibaia,S,5,0.8661,0.7418,3,35.7
350410,Atibaia,S,6,0.6716,1.0425,3,35.7
350410,Atibaia,S,7,0.9192,0.697,3,35.7
350410,Atibaia,S,8,0.7578,0.668,3,35.7
350410,Atibaia,S,9,0.8318,0.7504,3,35.7
350410,Atibaia,S,10,0.6926,0.7598,3,35.7
350410,Atibaia,S,11,0.5831,0.6172,3,35.7
350410,Atibaia,S,12,0.3639,2.9775,3,35.7
350760,Bragança Paulista,78,1,0.9905,1.0849,3,630.8
350760,Bragança Paulista,78,2,0.7487,0.8397,3,630.8
350760,Bragança Paulista,78,3,0.9639,1.0279,3,630.8
350760,Bragança Paulista,78,4,0.8243,0.8513,3,630.8
350760,Bragança Paulista,78,5,0.9388,0.8048,3,630.8
350760,Bragança Paulista,78,6,0.7898,0.8552,3,630.8
350760,Bragança Paulista,78,7,1.0098,0.9286,3,630.8
350760,Bragança Paulista,78,8,0.952,1.023,3,630.8
350760,Bragança Paulista,78,9,0.9698,0.9146,3,630.8
350760,Bragança Paulista,78,10,1.6141,1.0336,3,630.8
350760,Bragança Paulista,78,11,1.6187,1.2219,3,630.8
350760,Bragança Paulista,78,12,0.5796,1.4145,3,630.8
350760,Bragança Paulista,A,1,0.9596,1.1775,3,43.1
350760,Bragança Paulista,A,2,1.0453,1.0686,3,43.1
350760,Bragança Paulista,A,3,1.2166,1.1306,3,43.1
350760,Bragança Paulista,A,4,1.2642,1.1606,3,43.1
350760,Bragança Paulista,A,5,1.1146,0.8112,3,43.1
350760,Bragança Paulista,A,6,1.2527,1.022,3,43.1
350760,Bragança Paulista,A,7,0.7507,0.8482,3,43.1
350760,Bragança Paulista,A,8,1.1004,0.9148,3,43.1
350760,Bragança Paulista,A,9,0.9264,1.0643,3,43.1
350760,Bragança Paulista,A,10,0.7933,1.0999,3,43.1
350760,Bragança Paulista,A,11,0.8774,0.9315,3,43.1
350760,Bragança Paulista,A,12,0.6989,0.7708,3,43.1
350760,Bragança Paulista,B,1,0.7265,0.8839,3,4.6
350760,Bragança Paulista,B,2,1.4283,1.1431,3,4.6
350760,Bragança Paulista,B,3,0.7265,1.4825,3,4.6
350760,Bragança Paulista,B,4,1.3994,0.8037,3,4.6
350760,Bragança Paulista,B,5,0.8669,1.2643,3,4.6
350760,Bragança Paulista,B,6,0.9453,1.4946,3,4.6
350760,Bragança Paulista,B,7,0.5944,0.8298,3,4.6
350760,Bragança Paulista,B,8,1.3911,1.379,3,4.6
350760,Bragança Paulista,B,9,0.9205,0.7385,3,4.6
350760,Bragança Paulista,B,10,1.1723,0.6844,3,4.6
350760,Bragança Paulista,B,11,0.937,0.5203,3,4.6
350760,Bragança Paulista,B,12,0.8916,0.7758,3,4.6
350760,Bragança Paulista,C,1,1.1483,0.8693,3,470.1
350760,Bragança Paulista,C,2,1.156,1.0688,3,470.1
350760,Bragança Paulista,C,3,1.0472,1.0871,3,470.1
350760,Bragança Paulista,C,4,0.9805,0.9852,3,470.1
350760,Bragança Paulista,C,5,0.9827,0.9552,3,470.1
350760,Bragança Paulista,C,6,0.8889,1.0718,3,470.1
350760,Bragança Paulista,C,7,1.1791,1.02,3,470.1
350760,Bragança Paulista,C,8,1.253,1.1239,3,470.1
350760,Bragança Paulista,C,9,1.0252,0.9536,3,470.1
350760,Bragança Paulista,C,10,1.0458,0.9939,3,470.1
350760,Bragança Paulista,C,11,0.7848,0.8949,3,470.1
350760,Bragança Paulista,C,12,0.5085,0.9763,3,470.1
350760,Bragança Paulista,D,1,2.6111,1.2664,2,3.2
350760,Bragança Paulista,D,2,1.6468,0.9014,2,3.2
350760,Bragança Paulista,D,3,0.7659,0.5364,2,3.2
350760,Bragança Paulista,D,4,0.5516,0.8571,2,3.2
350760,Bragança Paulista,D,5,1.0873,0.5585,2,3.2
350760,Bragança Paulista,D,6,0.3214,0.9456,2,3.2
350760,Bragança Paulista,D,7,1.7143,0.7742,2,3.2
350760,Bragança Paulista,D,8,0.881,1.6756,2,3.2
350760,Bragança Paulista,D,9,0.5516,1.0507,2,3.2
350760,Bragança Paulista,D,10,0.5516,0.73,2,3.2
350760,Bragança Paulista,D,11,0.2222,0.9456,2,3.2
350760,Bragança Paulista,D,12,1.0952,1.7585,2,3.2
350760,Bragança Paulista,E,1,1.2178,1.1086,3,14.2
350760,Bragança Paulista,E,2,0.8923,0.9459,3,14.2
350760,Bragança Paulista,E,3,1.5341,1.3251,3,14.2
350760,Bragança Paulista,E,4,1.0851,1.0025,3,14.2
350760,Bragança Paulista,E,5,1.2445,1.0216,3,14.2
350760,Bragança Paulista,E,6,0.8442,0.6705,3,14.2
350760,Bragança Paulista,E,7,0.8807,0.9958,3,14.2
350760,Bragança Paulista,E,8,0.826,0.9016,3,14.2
350760,Bragança Paulista,E,9,1.0904,1.0838,3,14.2
350760,Bragança Paulista,E,10,0.782,1.0012,3,14.2
350760,Bragança Paulista,E,11,0.9885,0.9199,3,14.2
350760,Bragança Paulista,E,12,0.6144,1.0236,3,14.2
350760,Bragança Paulista,F,1,1.2193,0.9819,3,154.1
350760,Bragança Paulista,F,2,1.1728,0.9841,3,154.1
350760,Bragança Paulista,F,3,1.0134,1.1083,3,154.1
350760,Bragança Paulista,F,4,1.0232,0.857,3,154.1
350760,Bragança Paulista,F,5,1.0278,1.997,3,154.1
350760,Bragança Paulista,F,6,1.1433,0.6822,3,154.1
350760,Bragança Paulista,F,7,1.0075,0.7825,3,154.1
350760,Bragança Paulista,F,8,1.0284,1.1259,3,154.1
350760,Bragança Paulista,F,9,1.0205,0.9802,3,154.1
350760,Bragança Paulista,F,10,0.9682,0.8715,3,154.1
350760,Bragança Paulista,F,11,0.7328,0.8199,3,154.1
350760,Bragança Paulista,F,12,0.6428,0.8094,3,154.1
350760,Bragança Paulista,G,1,0.951,1.0515,3,621.4
350760,Bragança Paulista,G,2,1.0276,0.9483,3,621.4
350760,Bragança Paulista,G,3,0.9713,1.0873,3,621.4
350760,Bragança Paulista,G,4,1.0036,0.9927,3,621.4
350760,Bragança Paulista,G,5,0.9944,1.0137,3,621.4
350760,Bragança Paulista,G,6,0.9746,0.965,3,621.4
350760,Bragança Paulista,G,7,0.9885,0.9437,3,621.4
350760,Bragança Paulista,G,8,1.0569,0.9722,3,621.4
350760,Bragança Paulista,G,9,1.0332,1.121,3,621.4
350760,Bragança Paulista,G,10,1.0624,1.0305,3,621.4
350760,Bragança Paulista,G,11,1.0269,0.8717,3,621.4
350760,Bragança Paulista,G,12,0.9096,1.0023,3,621.4
350760,Bragança Paulista,H,1,0.9921,1.0579,3,55.4
350760,Bragança Paulista,H,2,1.1437,1.0914,3,55.4
350760,Bragança Paulista,H,3,0.9141,1.205,3,55.4
350760,Bragança Paulista,H,4,0.9086,0.8363,3,55.4
350760,Bragança Paulista,H,5,1.0169,1.1098,3,55.4
350760,Bragança Paulista,H,6,0.9201,1.0022,3,55.4
350760,Bragança Paulista,H,7,1.1914,1.062,3,55.4
350760,Bragança Paulista,H,8,1.058,0.8401,3,55.4
350760,Bragança Paulista,H,9,1.1308,0.8776,3,55.4
350760,Bragança Paulista,H,10,1.1119,1.3434,3,55.4
350760,Bragança Paulista,H,11,0.8534,0.7298,3,55.4
350760,Bragança Paulista,H,12,0.7589,0.8446,3,55.4
350760,Bragança Paulista,I,1,0.928,0.9657,3,130.0
350760,Bragança Paulista,I,2,1.3056,0.8476,3,130.0
350760,Bragança Paulista,I,3,1.1103,1.1291,3,130.0
350760,Bragança Paulista,I,4,0.9889,0.9535,3,130.0
350760,Bragança Paulista,I,5,0.9693,1.0667,3,130.0
350760,Bragança Paulista,I,6,0.9715,0.8788,3,130.0
350760,Bragança Paulista,I,7,1.0007,1.0344,3,130.0
350760,Bragança Paulista,I,8,1.01,0.9972,3,130.0
350760,Bragança Paulista,I,9,1.0585,0.9534,3,130.0
350760,Bragança Paulista,I,10,1.0492,0.9101,3,130.0
350760,Bragança Paulista,I,11,0.9578,0.8669,3,130.0
350760,Bragança Paulista,I,12,0.6501,1.3966,3,130.0
350760,Bragança Paulista,J,1,0.8021,1.1944,3,14.5
350760,Bragança Paulista,J,2,0.8957,0.9875,3,14.5
350760,Bragança Paulista,J,3,0.6265,0.7492,3,14.5
350760,Bragança Paulista,J,4,1.2312,1.0633,3,14.5
350760,Bragança Paulista,J,5,1.6175,1.3064,3,14.5
350760,Bragança Paulista,J,6,1.3185,1.0989,3,14.5
350760,Bragança Paulista,J,7,1.2617,1.1066,3,14.5
350760,Bragança Paulista,J,8,0.7001,1.194,3,14.5
350760,Bragança Paulista,J,9,0.7365,0.6518,3,14.5
350760,Bragança Paulista,J,10,1.0062,0.9795,3,14.5
350760,Bragança Paulista,J,11,0.8693,0.8375,3,14.5
350760,Bragança Paulista,J,12,0.9347,0.8309,3,14.5
350760,Bragança Paulista,K,1,1.1063,0.9665,3,14.4
350760,Bragança Paulista,K,2,1.2419,1.1411,3,14.4
350760,Bragança Paulista,K,3,1.3615,1.1622,3,14.4
350760,Bragança Paulista,K,4,1.0367,0.6989,3,14.4
350760,Bragança Paulista,K,5,0.7833,1.0468,3,14.4
350760,Bragança Paulista,K,6,0.9588,1.0088,3,14.4
350760,Bragança Paulista,K,7,1.0307,0.8632,3,14.4
350760,Bragança Paulista,K,8,1.0709,1.2154,3,14.4
350760,Bragança Paulista,K,9,0.9364,1.0442,3,14.4
350760,Bragança Paulista,K,10,1.2263,1.0204,3,14.4
350760,Bragança Paulista,K,11,0.62,1.018,3,14.4
350760,Bragança Paulista,K,12,0.627,0.8145,3,14.4
350760,Bragança Paulista,L,1,0.7772,0.707,3,6.4
350760,Bragança Paulista,L,2,1.021,0.9018,3,6.4
350760,Bragança Paulista,L,3,1.3106,1.3419,3,6.4
350760,Bragança Paulista,L,4,0.9189,0.8383,3,6.4
350760,Bragança Paulista,L,5,1.1522,1.2451,3,6.4
350760,Bragança Paulista,L,6,1.0501,1.1601,3,6.4
350760,Bragança Paulista,L,7,0.9814,0.9147,3,6.4
350760,Bragança Paulista,L,8,1.2085,0.8469,3,6.4
350760,Bragança Paulista,L,9,1.7024,1.2451,3,6.4
350760,Bragança Paulista,L,10,0.8335,1.1687,3,6.4
350760,Bragança Paulista,L,11,0.6355,0.7199,3,6.4
350760,Bragança Paulista,L,12,0.4084,0.9104,3,6.4
350760,Bragança Paulista,M,1,1.1642,1.0648,3,32.2
350760,Bragança Paulista,M,2,1.1705,1.0388,3,32.2
350760,Bragança Paulista,M,3,1.0237,0.9552,3,32.2
350760,Bragança Paulista,M,4,1.0857,0.8909,3,32.2
350760,Bragança Paulista,M,5,0.9884,1.1163,3,32.2
350760,Bragança Paulista,M,6,0.875,0.777,3,32.2
350760,Bragança Paulista,M,7,0.9387,1.0437,3,32.2
350760,Bragança Paulista,M,8,0.9999,1.0439,3,32.2
350760,Bragança Paulista,M,9,1.1935,1.1105,3,32.2
350760,Bragança Paulista,M,10,0.9246,0.7924,3,32.2
350760,Bragança Paulista,M,11,0.8336,1.2931,3,32.2
350760,Bragança Paulista,M,12,0.8022,0.8735,3,32.2
350760,Bragança Paulista,N,1,0.9902,1.0662,3,755.4
350760,Bragança Paulista,N,2,0.7908,0.8528,3,755.4
350760,Bragança Paulista,N,3,0.9746,1.0105,3,755.4
350760,Bragança Paulista,N,4,0.8726,0.8752,3,755.4
350760,Bragança Paulista,N,5,0.94,0.8462,3,755.4
350760,Bragança Paulista,N,6,0.8071,0.8637,3,755.4
350760,Bragança Paulista,N,7,1.0077,0.9479,3,755.4
350760,Bragança Paulista,N,8,0.9701,1.0389,3,755.4
350760,Bragança Paulista,N,9,0.9769,0.9194,3,755.4
350760,Bragança Paulista,N,10,1.5222,1.0354,3,755.4
350760,Bragança Paulista,N,11,1.5314,1.1818,3,755.4
350760,Bragança Paulista,N,12,0.6165,1.3619,3,755.4
350760,Bragança Paulista,O,1,1.7636,0.7123,3,30.7
350760,Bragança Paulista,O,2,1.5044,1.2809,3,30.7
350760,Bragança Paulista,O,3,1.0151,0.8039,3,30.7
350760,Bragança Paulista,O,4,1.7021,2.0215,3,30.7
350760,Bragança Paulista,O,5,1.5973,0.8836,3,30.7
350760,Bragança Paulista,O,6,0.5823,0.7465,3,30.7
350760,Bragança Paulista,O,7,0.534,0.7361,3,30.7
350760,Bragança Paulista,O,8,0.3926,0.6666,3,30.7
350760,Bragança Paulista,O,9,0.5939,0.4079,3,30.7
350760,Bragança Paulista,O,10,0.507,0.7393,3,30.7
350760,Bragança Paulista,O,11,1.1361,1.4496,3,30.7
350760,Bragança Paulista,O,12,0.6715,1.5519,3,30.7
350760,Bragança Paulista,P,1,1.7437,1.0423,3,82.1
350760,Bragança Paulista,P,2,1.5446,1.033,3,82.1
350760,Bragança Paulista,P,3,1.1002,1.0726,3,82.1
350760,Bragança Paulista,P,4,1.1762,0.8462,3,82.1
350760,Bragança Paulista,P,5,0.8769,0.7817,3,82.1
350760,Bragança Paulista,P,6,0.7305,1.185,3,82.1
350760,Bragança Paulista,P,7,1.0206,0.8408,3,82.1
350760,Bragança Paulista,P,8,1.2142,0.9476,3,82.1
350760,Bragança Paulista,P,9,0.99,0.9213,3,82.1
350760,Bragança Paulista,P,10,0.7079,0.6876,3,82.1
350760,Bragança Paulista,P,11,0.6418,0.5384,3,82.1
350760,Bragança Paulista,P,12,0.2533,2.1035,3,82.1
350760,Bragança Paulista,Q,1,0.816,1.0199,3,144.9
350760,Bragança Paulista,Q,2,0.9589,0.9833,3,144.9
350760,Bragança Paulista,Q,3,1.1676,1.0055,3,144.9
350760,Bragança Paulista,Q,4,1.0392,0.9873,3,144.9
350760,Bragança Paulista,Q,5,0.9685,0.9909,3,144.9
350760,Bragança Paulista,Q,6,0.9891,1.0164,3,144.9
350760,Bragança Paulista,Q,7,1.5552,0.9799,3,144.9
350760,Bragança Paulista,Q,8,1.1865,1.0496,3,144.9
350760,Bragança Paulista,Q,9,0.968,0.9408,3,144.9
350760,Bragança Paulista,Q,10,0.858,1.0514,3,144.9
350760,Bragança Paulista,Q,11,0.8132,0.9705,3,144.9
350760,Bragança Paulista,Q,12,0.6797,1.0044,3,144.9
350760,Bragança Paulista,R,1,1.4176,0.9425,3,40.8
350760,Bragança Paulista,R,2,1.2874,0.8184,3,40.8
350760,Bragança Paulista,R,3,1.0114,1.1331,3,40.8
350760,Bragança Paulista,R,4,1.0024,0.9845,3,40.8
350760,Bragança Paulista,R,5,0.7799,0.8205,3,40.8
350760,Bragança Paulista,R,6,0.802,0.9344,3,40.8
350760,Bragança Paulista,R,7,1.1963,1.0677,3,40.8
350760,Bragança Paulista,R,8,1.135,0.8817,3,40.8
350760,Bragança Paulista,R,9,0.9885,0.9321,3,40.8
350760,Bragança Paulista,R,10,0.9168,0.948,3,40.8
350760,Bragança Paulista,R,11,0.8488,0.9828,3,40.8
350760,Bragança Paulista,R,12,0.6139,1.5543,3,40.8
350760,Bragança Paulista,S,1,0.986,0.9718,3,48.2
350760,Bragança Paulista,S,2,1.349,1.0091,3,48.2
350760,Bragança Paulista,S,3,1.0972,1.2771,3,48.2
350760,Bragança Paulista,S,4,1.2492,1.1401,3,48.2
350760,Bragança Paulista,S,5,1.2047,1.0304,3,48.2
350760,Bragança Paulista,S,6,0.9034,0.9988,3,48.2
350760,Bragança Paulista,S,7,0.9765,1.0665,3,48.2
350760,Bragança Paulista,S,8,0.9518,0.8446,3,48.2
350760,Bragança Paulista,S,9,1.0763,0.9445,3,48.2
350760,Bragança Paulista,S,10,0.9549,1.0167,3,48.2
350760,Bragança Paulista,S,11,0.7741,0.8951,3,48.2
350760,Bragança Paulista,S,12,0.477,0.8054,3,48.2
