competencia,escopo,grupo,admissoes,desligamentos,saldo,nome_escopo
2023-01,31,78,4833,5333,-500,MG
2023-02,31,78,3602,4079,-477,MG
2023-03,31,78,5472,3814,1658,MG
2023-04,31,78,4260,3559,701,MG
2023-05,31,78,4976,4364,612,MG
2023-06,31,78,4842,4217,625,MG
2023-07,31,78,4313,4375,-62,MG
2023-08,31,78,4957,4156,801,MG
2023-09,31,78,4773,4789,-16,MG
2023-10,31,78,5519,4159,1360,MG
2023-11,31,78,4598,4401,197,MG
2023-12,31,78,3430,4258,-828,MG
2024-01,31,78,5474,4893,581,MG
2024-02,31,78,5012,4773,239,MG
2024-03,31,78,6189,5053,1136,MG
2024-04,31,78,5589,5623,-34,MG
2024-05,31,78,5069,5848,-779,MG
2024-06,31,78,5898,4824,1074,MG
2024-07,31,78,5929,5420,509,MG
2024-08,31,78,5042,5359,-317,MG
2024-09,31,78,5410,5343,67,MG
2024-10,31,78,6310,5659,651,MG
2024-11,31,78,6190,5357,833,MG
2024-12,31,78,3658,5435,-1777,MG
2025-01,31,78,5762,6426,-664,MG
2025-02,31,78,7932,5664,2268,MG
2025-03,31,78,6459,5727,732,MG
2025-04,31,78,6200,5557,643,MG
2025-05,31,78,6021,6763,-742,MG
2025-06,31,78,6400,5829,571,MG
2025-07,31,78,6222,6513,-291,MG
2025-08,31,78,5495,5769,-274,MG
2025-09,31,78,6110,5558,552,MG
2025-10,31,78,6114,5863,251,MG
2025-11,31,78,5379,6469,-1090,MG
2025-12,31,78,4070,6782,-2712,MG
2023-01,312510,78,250,308,-58,Extrema
2023-02,312510,78,303,318,-15,Extrema
2023-03,312510,78,325,333,-8,Extrema
2023-04,312510,78,320,221,99,Extrema
2023-05,312510,78,453,281,172,Extrema
2023-06,312510,78,355,366,-11,Extrema
2023-07,312510,78,337,292,45,Extrema
2023-08,312510,78,547,334,213,Extrema
2023-09,312510,78,382,364,18,Extrema
2023-10,312510,78,535,398,137,Extrema
2023-11,312510,78,462,401,61,Extrema
2023-12,312510,78,246,363,-117,Extrema
2024-01,312510,78,415,342,73,Extrema
2024-02,312510,78,683,316,367,Extrema
2024-03,312510,78,681,443,238,Extrema
2024-04,312510,78,552,412,140,Extrema
2024-05,312510,78,490,357,133,Extrema
2024-06,312510,78,494,412,82,Extrema
2024-07,312510,78,523,467,56,Extrema
2024-08,312510,78,539,433,106,Extrema
2024-09,312510,78,545,497,48,Extrema
2024-10,312510,78,745,529,216,Extrema
2024-11,312510,78,746,482,264,Extrema
2024-12,312510,78,383,555,-172,Extrema
2025-01,312510,78,390,586,-196,Extrema
2025-02,312510,78,768,745,23,Extrema
2025-03,312510,78,618,431,187,Extrema
2025-04,312510,78,532,430,102,Extrema
2025-05,312510,78,435,397,38,Extrema
2025-06,312510,78,427,396,31,Extrema
2025-07,312510,78,531,389,142,Extrema
2025-08,312510,78,598,472,126,Extrema
2025-09,312510,78,569,482,87,Extrema
2025-10,312510,78,640,543,97,Extrema
2025-11,312510,78,665,577,88,Extrema
2025-12,312510,78,396,577,-181,Extrema
2023-01,312510,A,5,3,2,Extrema
2023-02,312510,A,3,2,1,Extrema
2023-03,312510,A,3,2,1,Extrema
2023-04,312510,A,2,2,0,Extrema
2023-05,312510,A,4,4,0,Extrema
2023-06,312510,A,2,4,-2,Extrema
2023-07,312510,A,4,1,3,Extrema
2023-08,312510,A,0,4,-4,Extrema
2023-09,312510,A,3,2,1,Extrema
2023-10,312510,A,1,0,1,Extrema
2023-11,312510,A,1,0,1,Extrema
2023-12,312510,A,1,7,-6,Extrema
2024-02,312510,A,1,2,-1,Extrema
2024-03,312510,A,2,1,1,Extrema
2024-04,312510,A,1,1,0,Extrema
2024-05,312510,A,0,2,-2,Extrema
2024-06,312510,A,1,1,0,Extrema
2024-07,312510,A,2,2,0,Extrema
2024-08,312510,A,2,1,1,Extrema
2024-09,312510,A,3,3,0,Extrema
2024-10,312510,A,1,0,1,Extrema
2024-12,312510,A,0,2,-2,Extrema
2025-01,312510,A,2,3,-1,Extrema
2025-02,312510,A,1,1,0,Extrema
2025-03,312510,A,1,4,-3,Extrema
2025-04,312510,A,3,2,1,Extrema
2025-05,312510,A,1,1,0,Extrema
2025-06,312510,A,1,1,0,Extrema
2025-07,312510,A,1,1,0,Extrema
2025-08,312510,A,3,2,1,Extrema
2025-09,312510,A,2,1,1,Extrema
2025-10,312510,A,3,4,-1,Extrema
2025-11,312510,A,0,2,-2,Extrema
2025-12,312510,A,3,1,2,Extrema
2023-02,312510,B,0,1,-1,Extrema
2023-03,312510,B,1,0,1,Extrema
2023-05,312510,B,0,2,-2,Extrema
2023-06,312510,B,0,1,-1,Extrema
2023-09,312510,B,0,1,-1,Extrema
2023-10,312510,B,1,0,1,Extrema
2023-11,312510,B,1,0,1,Extrema
2024-02,312510,B,0,1,-1,Extrema
2024-04,312510,B,1,1,0,Extrema
2024-08,312510,B,0,1,-1,Extrema
2024-09,312510,B,0,1,-1,Extrema
2023-01,312510,C,501,457,44,Extrema
2023-02,312510,C,645,541,104,Extrema
2023-03,312510,C,590,386,204,Extrema
2023-04,312510,C,610,521,89,Extrema
2023-05,312510,C,724,547,177,Extrema
2023-06,312510,C,491,540,-49,Extrema
2023-07,312510,C,563,620,-57,Extrema
2023-08,312510,C,838,652,186,Extrema
2023-09,312510,C,557,613,-56,Extrema
2023-10,312510,C,466,455,11,Extrema
2023-11,312510,C,392,593,-201,Extrema
2023-12,312510,C,256,732,-476,Extrema
2024-01,312510,C,812,511,301,Extrema
2024-02,312510,C,585,447,138,Extrema
2024-03,312510,C,701,543,158,Extrema
2024-04,312510,C,734,571,163,Extrema
2024-05,312510,C,432,594,-162,Extrema
2024-06,312510,C,459,488,-29,Extrema
2024-07,312510,C,544,705,-161,Extrema
2024-08,312510,C,810,486,324,Extrema
2024-09,312510,C,652,504,148,Extrema
2024-10,312510,C,566,531,35,Extrema
2024-11,312510,C,476,521,-45,Extrema
2024-12,312510,C,351,630,-279,Extrema
2025-01,312510,C,875,666,209,Extrema
2025-02,312510,C,770,841,-71,Extrema
2025-03,312510,C,804,576,228,Extrema
2025-04,312510,C,816,720,96,Extrema
2025-05,312510,C,599,747,-148,Extrema
2025-06,312510,C,844,828,16,Extrema
2025-07,312510,C,600,758,-158,Extrema
2025-08,312510,C,715,701,14,Extrema
2025-09,312510,C,682,640,42,Extrema
2025-10,312510,C,603,719,-116,Extrema
2025-11,312510,C,555,629,-74,Extrema
2025-12,312510,C,339,970,-631,Extrema
2023-01,312510,D,1,0,1,Extrema
2023-02,312510,D,6,2,4,Extrema
2023-03,312510,D,0,3,-3,Extrema
2023-04,312510,D,4,0,4,Extrema
2023-05,312510,D,1,2,-1,Extrema
2023-06,312510,D,2,1,1,Extrema
2023-07,312510,D,0,1,-1,Extrema
2023-08,312510,D,1,0,1,Extrema
2023-09,312510,D,2,0,2,Extrema
2023-10,312510,D,1,1,0,Extrema
2023-11,312510,D,3,1,2,Extrema
2023-12,312510,D,0,4,-4,Extrema
2024-01,312510,D,1,2,-1,Extrema
2024-02,312510,D,3,4,-1,Extrema
2024-03,312510,D,0,2,-2,Extrema
2024-04,312510,D,1,0,1,Extrema
2024-05,312510,D,0,1,-1,Extrema
2024-06,312510,D,1,1,0,Extrema
2024-07,312510,D,3,1,2,Extrema
2024-08,312510,D,3,1,2,Extrema
2024-09,312510,D,1,0,1,Extrema
2024-10,312510,D,0,1,-1,Extrema
2024-11,312510,D,0,1,-1,Extrema
2024-12,312510,D,0,1,-1,Extrema
2025-01,312510,D,3,0,3,Extrema
2025-02,312510,D,2,0,2,Extrema
2025-03,312510,D,0,1,-1,Extrema
2025-04,312510,D,1,0,1,Extrema
2025-05,312510,D,1,1,0,Extrema
2025-07,312510,D,1,0,1,Extrema
2025-08,312510,D,2,2,0,Extrema
2025-09,312510,D,3,2,1,Extrema
2025-10,312510,D,0,2,-2,Extrema
2025-11,312510,D,1,0,1,Extrema
2025-12,312510,D,2,2,0,Extrema
2023-02,312510,E,0,1,-1,Extrema
2023-03,312510,E,1,0,1,Extrema
2023-04,312510,E,0,1,-1,Extrema
2023-07,312510,E,0,1,-1,Extrema
2023-08,312510,E,1,2,-1,Extrema
2023-09,312510,E,1,0,1,Extrema
2023-12,312510,E,0,1,-1,Extrema
2024-01,312510,E,2,0,2,Extrema
2024-02,312510,E,0,1,-1,Extrema
2024-03,312510,E,1,0,1,Extrema
2024-08,312510,E,1,2,-1,Extrema
2024-09,312510,E,3,2,1,Extrema
2024-10,312510,E,1,0,1,Extrema
2024-11,312510,E,2,3,-1,Extrema
2025-01,312510,E,1,1,0,Extrema
2025-02,312510,E,1,1,0,Extrema
2025-05,312510,E,1,1,0,Extrema
2025-07,312510,E,0,7,-7,Extrema
2023-01,312510,F,35,38,-3,Extrema
2023-02,312510,F,46,22,24,Extrema
2023-03,312510,F,73,42,31,Extrema
2023-04,312510,F,49,56,-7,Extrema
2023-05,312510,F,43,42,1,Extrema
2023-06,312510,F,37,42,-5,Extrema
2023-07,312510,F,43,41,2,Extrema
2023-08,312510,F,49,46,3,Extrema
2023-09,312510,F,37,42,-5,Extrema
2023-10,312510,F,30,41,-11,Extrema
2023-11,312510,F,28,38,-10,Extrema
2023-12,312510,F,36,47,-11,Extrema
2024-01,312510,F,50,34,16,Extrema
2024-02,312510,F,43,20,23,Extrema
2024-03,312510,F,56,31,25,Extrema
2024-04,312510,F,43,39,4,Extrema
2024-05,312510,F,47,47,0,Extrema
2024-06,312510,F,31,42,-11,Extrema
2024-07,312510,F,34,42,-8,Extrema
2024-08,312510,F,43,37,6,Extrema
2024-09,312510,F,32,30,2,Extrema
2024-10,312510,F,25,39,-14,Extrema
2024-11,312510,F,26,42,-16,Extrema
2024-12,312510,F,26,49,-23,Extrema
2025-01,312510,F,50,35,15,Extrema
2025-02,312510,F,49,30,19,Extrema
2025-03,312510,F,21,45,-24,Extrema
2025-04,312510,F,27,34,-7,Extrema
2025-05,312510,F,27,22,5,Extrema
2025-06,312510,F,25,40,-15,Extrema
2025-07,312510,F,24,37,-13,Extrema
2025-08,312510,F,20,36,-16,Extrema
2025-09,312510,F,28,32,-4,Extrema
2025-10,312510,F,51,46,5,Extrema
2025-11,312510,F,19,28,-9,Extrema
2025-12,312510,F,16,19,-3,Extrema
2023-01,312510,G,349,476,-127,Extrema
2023-02,312510,G,382,409,-27,Extrema
2023-03,312510,G,407,394,13,Extrema
2023-04,312510,G,297,374,-77,Extrema
2023-05,312510,G,306,349,-43,Extrema
2023-06,312510,G,521,389,132,Extrema
2023-07,312510,G,403,487,-84,Extrema
2023-08,312510,G,379,409,-30,Extrema
2023-09,312510,G,416,312,104,Extrema
2023-10,312510,G,360,358,2,Extrema
2023-11,312510,G,226,263,-37,Extrema
2023-12,312510,G,271,384,-113,Extrema
2024-01,312510,G,607,575,32,Extrema
2024-02,312510,G,495,469,26,Extrema
2024-03,312510,G,507,436,71,Extrema
2024-04,312510,G,452,551,-99,Extrema
2024-05,312510,G,639,454,185,Extrema
2024-06,312510,G,605,470,135,Extrema
2024-07,312510,G,552,529,23,Extrema
2024-08,312510,G,540,524,16,Extrema
2024-09,312510,G,440,382,58,Extrema
2024-10,312510,G,549,456,93,Extrema
2024-11,312510,G,516,382,134,Extrema
2024-12,312510,G,253,362,-109,Extrema
2025-01,312510,G,488,515,-27,Extrema
2025-02,312510,G,498,451,47,Extrema
2025-03,312510,G,397,374,23,Extrema
2025-04,312510,G,428,375,53,Extrema
2025-05,312510,G,411,366,45,Extrema
2025-06,312510,G,455,356,99,Extrema
2025-07,312510,G,436,472,-36,Extrema
2025-08,312510,G,461,417,44,Extrema
2025-09,312510,G,449,390,59,Extrema
2025-10,312510,G,425,376,49,Extrema
2025-11,312510,G,320,291,29,Extrema
2025-12,312510,G,289,339,-50,Extrema
2023-01,312510,H,380,292,88,Extrema
2023-02,312510,H,533,239,294,Extrema
2023-03,312510,H,494,316,178,Extrema
2023-04,312510,H,375,307,68,Extrema
2023-05,312510,H,374,282,92,Extrema
2023-06,312510,H,391,277,114,Extrema
2023-07,312510,H,251,313,-62,Extrema
2023-08,312510,H,467,368,99,Extrema
2023-09,312510,H,331,288,43,Extrema
2023-10,312510,H,370,275,95,Extrema
2023-11,312510,H,423,287,136,Extrema
2023-12,312510,H,526,329,197,Extrema
2024-01,312510,H,639,380,259,Extrema
2024-02,312510,H,560,480,80,Extrema
2024-03,312510,H,766,432,334,Extrema
2024-04,312510,H,555,584,-29,Extrema
2024-05,312510,H,419,482,-63,Extrema
2024-06,312510,H,565,463,102,Extrema
2024-07,312510,H,561,489,72,Extrema
2024-08,312510,H,1229,524,705,Extrema
2024-09,312510,H,1019,511,508,Extrema
2024-10,312510,H,682,635,47,Extrema
2024-11,312510,H,508,567,-59,Extrema
2024-12,312510,H,583,620,-37,Extrema
2025-01,312510,H,682,740,-58,Extrema
2025-02,312510,H,631,654,-23,Extrema
2025-03,312510,H,711,570,141,Extrema
2025-04,312510,H,712,656,56,Extrema
2025-05,312510,H,553,557,-4,Extrema
2025-06,312510,H,750,582,168,Extrema
2025-07,312510,H,616,611,5,Extrema
2025-08,312510,H,585,634,-49,Extrema
2025-09,312510,H,724,614,110,Extrema
2025-10,312510,H,768,540,228,Extrema
2025-11,312510,H,721,491,230,Extrema
2025-12,312510,H,521,494,27,Extrema
2023-01,312510,I,62,106,-44,Extrema
2023-02,312510,I,131,81,50,Extrema
2023-03,312510,I,104,107,-3,Extrema
2023-04,312510,I,96,96,0,Extrema
2023-05,312510,I,125,103,22,Extrema
2023-06,312510,I,109,70,39,Extrema
2023-07,312510,I,82,78,4,Extrema
2023-08,312510,I,112,88,24,Extrema
2023-09,312510,I,118,67,51,Extrema
2023-10,312510,I,92,78,14,Extrema
2023-11,312510,I,91,66,25,Extrema
2023-12,312510,I,56,98,-42,Extrema
2024-01,312510,I,100,453,-353,Extrema
2024-02,312510,I,81,84,-3,Extrema
2024-03,312510,I,114,96,18,Extrema
2024-04,312510,I,102,91,11,Extrema
2024-05,312510,I,70,75,-5,Extrema
2024-06,312510,I,72,62,10,Extrema
2024-07,312510,I,98,91,7,Extrema
2024-08,312510,I,78,83,-5,Extrema
2024-09,312510,I,66,81,-15,Extrema
2024-10,312510,I,71,91,-20,Extrema
2024-11,312510,I,84,92,-8,Extrema
2024-12,312510,I,55,61,-6,Extrema
2025-01,312510,I,71,87,-16,Extrema
2025-02,312510,I,91,71,20,Extrema
2025-03,312510,I,72,84,-12,Extrema
2025-04,312510,I,81,62,19,Extrema
2025-05,312510,I,89,80,9,Extrema
2025-06,312510,I,63,58,5,Extrema
2025-07,312510,I,70,73,-3,Extrema
2025-08,312510,I,68,77,-9,Extrema
2025-09,312510,I,86,78,8,Extrema
2025-10,312510,I,64,65,-1,Extrema
2025-11,312510,I,55,65,-10,Extrema
2025-12,312510,I,71,70,1,Extrema
2023-01,312510,J,4,96,-92,Extrema
2023-02,312510,J,5,47,-42,Extrema
2023-03,312510,J,3,24,-21,Extrema
2023-04,312510,J,52,40,12,Extrema
2023-05,312510,J,4,21,-17,Extrema
2023-06,312510,J,2,31,-29,Extrema
2023-07,312510,J,39,19,20,Extrema
2023-08,312510,J,32,14,18,Extrema
2023-09,312510,J,13,18,-5,Extrema
2023-10,312510,J,51,18,33,Extrema
2023-11,312510,J,103,24,79,Extrema
2023-12,312510,J,1,35,-34,Extrema
2024-01,312510,J,0,15,-15,Extrema
2024-02,312510,J,2,14,-12,Extrema
2024-03,312510,J,41,13,28,Extrema
2024-04,312510,J,18,16,2,Extrema
2024-05,312510,J,0,6,-6,Extrema
2024-06,312510,J,2,1,1,Extrema
2024-07,312510,J,5,7,-2,Extrema
2024-08,312510,J,1,7,-6,Extrema
2024-09,312510,J,1,0,1,Extrema
2024-10,312510,J,0,4,-4,Extrema
2024-11,312510,J,2,1,1,Extrema
2024-12,312510,J,0,1,-1,Extrema
2025-01,312510,J,3,3,0,Extrema
2025-02,312510,J,6,5,1,Extrema
2025-03,312510,J,0,1,-1,Extrema
2025-04,312510,J,0,2,-2,Extrema
2025-05,312510,J,2,3,-1,Extrema
2025-06,312510,J,1,4,-3,Extrema
2025-07,312510,J,21,15,6,Extrema
2025-08,312510,J,14,44,-30,Extrema
2025-09,312510,J,49,49,0,Extrema
2025-10,312510,J,18,42,-24,Extrema
2025-11,312510,J,10,23,-13,Extrema
2025-12,312510,J,2,40,-38,Extrema
2023-01,312510,K,7,4,3,Extrema
2023-02,312510,K,3,2,1,Extrema
2023-03,312510,K,5,11,-6,Extrema
2023-04,312510,K,12,6,6,Extrema
2023-05,312510,K,7,11,-4,Extrema
2023-06,312510,K,6,4,2,Extrema
2023-07,312510,K,7,5,2,Extrema
2023-08,312510,K,10,4,6,Extrema
2023-09,312510,K,4,2,2,Extrema
2023-10,312510,K,3,6,-3,Extrema
2023-11,312510,K,10,6,4,Extrema
2023-12,312510,K,7,8,-1,Extrema
2024-01,312510,K,10,10,0,Extrema
2024-02,312510,K,4,0,4,Extrema
2024-03,312510,K,14,7,7,Extrema
2024-04,312510,K,18,13,5,Extrema
2024-05,312510,K,10,6,4,Extrema
2024-06,312510,K,3,6,-3,Extrema
2024-07,312510,K,4,3,1,Extrema
2024-08,312510,K,12,4,8,Extrema
2024-09,312510,K,7,4,3,Extrema
2024-10,312510,K,3,13,-10,Extrema
2024-11,312510,K,3,6,-3,Extrema
2024-12,312510,K,6,9,-3,Extrema
2025-01,312510,K,8,11,-3,Extrema
2025-02,312510,K,7,7,0,Extrema
2025-03,312510,K,9,7,2,Extrema
2025-04,312510,K,8,10,-2,Extrema
2025-05,312510,K,8,10,-2,Extrema
2025-06,312510,K,3,6,-3,Extrema
2025-07,312510,K,7,7,0,Extrema
2025-08,312510,K,5,6,-1,Extrema
2025-09,312510,K,7,8,-1,Extrema
2025-10,312510,K,2,8,-6,Extrema
2025-11,312510,K,8,9,-1,Extrema
2025-12,312510,K,4,3,1,Extrema
2023-01,312510,L,3,3,0,Extrema
2023-02,312510,L,0,3,-3,Extrema
2023-03,312510,L,4,4,0,Extrema
2023-04,312510,L,0,4,-4,Extrema
2023-05,312510,L,2,2,0,Extrema
2023-06,312510,L,4,1,3,Extrema
2023-07,312510,L,1,8,-7,Extrema
2023-08,312510,L,7,4,3,Extrema
2023-09,312510,L,2,0,2,Extrema
2023-10,312510,L,1,3,-2,Extrema
2023-11,312510,L,0,2,-2,Extrema
2023-12,312510,L,7,5,2,Extrema
2024-01,312510,L,9,3,6,Extrema
2024-02,312510,L,5,4,1,Extrema
2024-03,312510,L,3,3,0,Extrema
2024-04,312510,L,7,2,5,Extrema
2024-05,312510,L,6,5,1,Extrema
2024-06,312510,L,4,6,-2,Extrema
2024-07,312510,L,6,2,4,Extrema
2024-08,312510,L,4,5,-1,Extrema
2024-09,312510,L,4,6,-2,Extrema
2024-10,312510,L,5,4,1,Extrema
2024-11,312510,L,9,4,5,Extrema
2024-12,312510,L,2,7,-5,Extrema
2025-01,312510,L,1,0,1,Extrema
2025-02,312510,L,2,1,1,Extrema
2025-03,312510,L,0,3,-3,Extrema
2025-04,312510,L,1,2,-1,Extrema
2025-06,312510,L,2,0,2,Extrema
2025-07,312510,L,1,1,0,Extrema
2025-08,312510,L,1,0,1,Extrema
2025-09,312510,L,0,3,-3,Extrema
2025-10,312510,L,2,3,-1,Extrema
2025-12,312510,L,1,0,1,Extrema
2023-01,312510,M,14,7,7,Extrema
2023-02,312510,M,9,15,-6,Extrema
2023-03,312510,M,13,9,4,Extrema
2023-04,312510,M,5,13,-8,Extrema
2023-05,312510,M,5,9,-4,Extrema
2023-06,312510,M,7,7,0,Extrema
2023-07,312510,M,7,6,1,Extrema
2023-08,312510,M,10,7,3,Extrema
2023-09,312510,M,7,10,-3,Extrema
2023-10,312510,M,10,12,-2,Extrema
2023-11,312510,M,10,6,4,Extrema
2023-12,312510,M,2,9,-7,Extrema
2024-01,312510,M,5,5,0,Extrema
2024-02,312510,M,7,6,1,Extrema
2024-03,312510,M,9,10,-1,Extrema
2024-04,312510,M,4,9,-5,Extrema
2024-05,312510,M,8,8,0,Extrema
2024-06,312510,M,9,5,4,Extrema
2024-07,312510,M,14,6,8,Extrema
2024-08,312510,M,6,5,1,Extrema
2024-09,312510,M,8,5,3,Extrema
2024-10,312510,M,10,5,5,Extrema
2024-11,312510,M,11,6,5,Extrema
2024-12,312510,M,3,7,-4,Extrema
2025-01,312510,M,7,4,3,Extrema
2025-02,312510,M,24,13,11,Extrema
2025-03,312510,M,9,11,-2,Extrema
2025-04,312510,M,8,10,-2,Extrema
2025-05,312510,M,12,7,5,Extrema
2025-06,312510,M,5,7,-2,Extrema
2025-07,312510,M,9,11,-2,Extrema
2025-08,312510,M,10,10,0,Extrema
2025-09,312510,M,10,9,1,Extrema
2025-10,312510,M,12,7,5,Extrema
2025-11,312510,M,12,8,4,Extrema
2025-12,312510,M,2,11,-9,Extrema
2023-01,312510,N,303,352,-49,Extrema
2023-02,312510,N,344,346,-2,Extrema
2023-03,312510,N,362,370,-8,Extrema
2023-04,312510,N,421,247,174,Extrema
2023-05,312510,N,497,317,180,Extrema
2023-06,312510,N,403,423,-20,Extrema
2023-07,312510,N,408,330,78,Extrema
2023-08,312510,N,585,377,208,Extrema
2023-09,312510,N,440,406,34,Extrema
2023-10,312510,N,604,442,162,Extrema
2023-11,312510,N,522,460,62,Extrema
2023-12,312510,N,301,482,-181,Extrema
2024-01,312510,N,488,397,91,Extrema
2024-02,312510,N,770,364,406,Extrema
2024-03,312510,N,786,498,288,Extrema
2024-04,312510,N,686,486,200,Extrema
2024-05,312510,N,588,440,148,Extrema
2024-06,312510,N,611,488,123,Extrema
2024-07,312510,N,586,546,40,Extrema
2024-08,312510,N,634,498,136,Extrema
2024-09,312510,N,649,574,75,Extrema
2024-10,312510,N,822,608,214,Extrema
2024-11,312510,N,805,542,263,Extrema
2024-12,312510,N,458,615,-157,Extrema
2025-01,312510,N,453,665,-212,Extrema
2025-02,312510,N,876,808,68,Extrema
2025-03,312510,N,697,487,210,Extrema
2025-04,312510,N,612,553,59,Extrema
2025-05,312510,N,512,484,28,Extrema
2025-06,312510,N,483,461,22,Extrema
2025-07,312510,N,597,438,159,Extrema
2025-08,312510,N,750,539,211,Extrema
2025-09,312510,N,688,577,111,Extrema
2025-10,312510,N,770,644,126,Extrema
2025-11,312510,N,743,662,81,Extrema
2025-12,312510,N,464,649,-185,Extrema
2023-01,312510,P,6,19,-13,Extrema
2023-02,312510,P,33,18,15,Extrema
2023-03,312510,P,26,28,-2,Extrema
2023-04,312510,P,14,16,-2,Extrema
2023-05,312510,P,11,12,-1,Extrema
2023-06,312510,P,8,11,-3,Extrema
2023-07,312510,P,5,24,-19,Extrema
2023-08,312510,P,29,16,13,Extrema
2023-09,312510,P,7,12,-5,Extrema
2023-10,312510,P,14,11,3,Extrema
2023-11,312510,P,3,15,-12,Extrema
2023-12,312510,P,1,41,-40,Extrema
2024-01,312510,P,83,52,31,Extrema
2024-02,312510,P,97,65,32,Extrema
2024-03,312510,P,91,112,-21,Extrema
2024-04,312510,P,124,139,-15,Extrema
2024-05,312510,P,115,76,39,Extrema
2024-06,312510,P,72,124,-52,Extrema
2024-07,312510,P,86,81,5,Extrema
2024-08,312510,P,83,83,0,Extrema
2024-09,312510,P,33,52,-19,Extrema
2024-10,312510,P,78,58,20,Extrema
2024-11,312510,P,127,52,75,Extrema
2024-12,312510,P,130,110,20,Extrema
2025-01,312510,P,249,65,184,Extrema
2025-02,312510,P,205,95,110,Extrema
2025-03,312510,P,122,85,37,Extrema
2025-04,312510,P,223,85,138,Extrema
2025-05,312510,P,245,157,88,Extrema
2025-06,312510,P,325,324,1,Extrema
2025-07,312510,P,231,421,-190,Extrema
2025-08,312510,P,188,176,12,Extrema
2025-09,312510,P,80,119,-39,Extrema
2025-10,312510,P,232,230,2,Extrema
2025-11,312510,P,393,158,235,Extrema
2025-12,312510,P,329,297,32,Extrema
2023-01,312510,Q,18,13,5,Extrema
2023-02,312510,Q,15,17,-2,Extrema
2023-03,312510,Q,26,20,6,Extrema
2023-04,312510,Q,24,17,7,Extrema
2023-05,312510,Q,5,8,-3,Extrema
2023-06,312510,Q,11,11,0,Extrema
2023-07,312510,Q,8,7,1,Extrema
2023-08,312510,Q,10,14,-4,Extrema
2023-09,312510,Q,7,11,-4,Extrema
2023-10,312510,Q,6,11,-5,Extrema
2023-11,312510,Q,9,11,-2,Extrema
2023-12,312510,Q,11,15,-4,Extrema
2024-01,312510,Q,14,15,-1,Extrema
2024-02,312510,Q,20,14,6,Extrema
2024-03,312510,Q,14,15,-1,Extrema
2024-04,312510,Q,20,14,6,Extrema
2024-05,312510,Q,19,14,5,Extrema
2024-06,312510,Q,17,17,0,Extrema
2024-07,312510,Q,13,8,5,Extrema
2024-08,312510,Q,11,14,-3,Extrema
2024-09,312510,Q,12,13,-1,Extrema
2024-10,312510,Q,14,12,2,Extrema
2024-11,312510,Q,8,9,-1,Extrema
2024-12,312510,Q,6,3,3,Extrema
2025-01,312510,Q,18,17,1,Extrema
2025-02,312510,Q,22,12,10,Extrema
2025-03,312510,Q,12,12,0,Extrema
2025-04,312510,Q,16,19,-3,Extrema
2025-05,312510,Q,16,8,8,Extrema
2025-06,312510,Q,11,14,-3,Extrema
2025-07,312510,Q,22,16,6,Extrema
2025-08,312510,Q,18,20,-2,Extrema
2025-09,312510,Q,22,17,5,Extrema
2025-10,312510,Q,29,21,8,Extrema
2025-11,312510,Q,14,12,2,Extrema
2025-12,312510,Q,10,14,-4,Extrema
2023-01,312510,R,2,0,2,Extrema
2023-02,312510,R,3,0,3,Extrema
2023-03,312510,R,1,3,-2,Extrema
2023-04,312510,R,2,2,0,Extrema
2023-05,312510,R,1,1,0,Extrema
2023-06,312510,R,1,0,1,Extrema
2023-07,312510,R,2,0,2,Extrema
2023-08,312510,R,1,2,-1,Extrema
2023-09,312510,R,1,4,-3,Extrema
2023-11,312510,R,1,0,1,Extrema
2023-12,312510,R,1,1,0,Extrema
2024-01,312510,R,1,1,0,Extrema
2024-02,312510,R,3,0,3,Extrema
2024-03,312510,R,1,2,-1,Extrema
2024-04,312510,R,2,1,1,Extrema
2024-05,312510,R,1,2,-1,Extrema
2024-06,312510,R,5,1,4,Extrema
2024-07,312510,R,2,3,-1,Extrema
2024-08,312510,R,0,1,-1,Extrema
2024-09,312510,R,1,0,1,Extrema
2024-10,312510,R,2,1,1,Extrema
2024-11,312510,R,5,1,4,Extrema
2024-12,312510,R,3,0,3,Extrema
2025-01,312510,R,6,1,5,Extrema
2025-02,312510,R,2,2,0,Extrema
2025-03,312510,R,6,4,2,Extrema
2025-04,312510,R,2,7,-5,Extrema
2025-05,312510,R,6,2,4,Extrema
2025-06,312510,R,3,2,1,Extrema
2025-07,312510,R,3,2,1,Extrema
2025-08,312510,R,6,3,3,Extrema
2025-09,312510,R,0,1,-1,Extrema
2025-10,312510,R,2,2,0,Extrema
2025-11,312510,R,3,1,2,Extrema
2025-12,312510,R,2,1,1,Extrema
2023-01,312510,S,33,31,2,Extrema
2023-02,312510,S,36,36,0,Extrema
2023-03,312510,S,46,36,10,Extrema
2023-04,312510,S,32,29,3,Extrema
2023-05,312510,S,33,21,12,Extrema
2023-06,312510,S,30,38,-8,Extrema
2023-07,312510,S,23,29,-6,Extrema
2023-08,312510,S,19,22,-3,Extrema
2023-09,312510,S,25,24,1,Extrema
2023-10,312510,S,47,33,14,Extrema
2023-11,312510,S,26,25,1,Extrema
2023-12,312510,S,24,56,-32,Extrema
2024-01,312510,S,62,42,20,Extrema
2024-02,312510,S,72,26,46,Extrema
2024-03,312510,S,28,41,-13,Extrema
2024-04,312510,S,39,38,1,Extrema
2024-05,312510,S,21,30,-9,Extrema
2024-06,312510,S,13,28,-15,Extrema
2024-07,312510,S,28,19,9,Extrema
2024-08,312510,S,5,17,-12,Extrema
2024-09,312510,S,7,20,-13,Extrema
2024-10,312510,S,17,27,-10,Extrema
2024-11,312510,S,6,21,-15,Extrema
2024-12,312510,S,9,22,-13,Extrema
2025-01,312510,S,34,29,5,Extrema
2025-02,312510,S,32,22,10,Extrema
2025-03,312510,S,37,34,3,Extrema
2025-04,312510,S,33,21,12,Extrema
2025-05,312510,S,14,38,-24,Extrema
2025-06,312510,S,5,32,-27,Extrema
2025-07,312510,S,8,10,-2,Extrema
2025-08,312510,S,9,20,-11,Extrema
2025-09,312510,S,7,13,-6,Extrema
2025-10,312510,S,10,14,-4,Extrema
2025-11,312510,S,5,13,-8,Extrema
2025-12,312510,S,2,10,-8,Extrema
2023-01,35,78,55311,64701,-9390,SP
2023-02,35,78,48090,50605,-2515,SP
2023-03,35,78,62300,58673,3627,SP
2023-04,35,78,51145,54100,-2955,SP
2023-05,35,78,58190,54444,3746,SP
2023-06,35,78,58283,51462,6821,SP
2023-07,35,78,54035,58287,-4252,SP
2023-08,35,78,59831,54075,5756,SP
2023-09,35,78,58496,50902,7594,SP
2023-10,35,78,72345,57740,14605,SP
2023-11,35,78,81933,62743,19190,SP
2023-12,35,78,67899,92918,-25019,SP
2024-01,35,78,65303,68483,-3180,SP
2024-02,35,78,61734,60547,1187,SP
2024-03,35,78,71965,71049,916,SP
2024-04,35,78,70867,63960,6907,SP
2024-05,35,78,64842,65496,-654,SP
2024-06,35,78,66260,64620,1640,SP
2024-07,35,78,73100,66796,6304,SP
2024-08,35,78,68216,68014,202,SP
2024-09,35,78,76334,68237,8097,SP
2024-10,35,78,87532,73247,14285,SP
2024-11,35,78,89956,70776,19180,SP
2024-12,35,78,69333,98754,-29421,SP
2025-01,35,78,76821,81506,-4685,SP
2025-02,35,78,77351,70926,6425,SP
2025-03,35,78,68996,75321,-6325,SP
2025-04,35,78,74719,70446,4273,SP
2025-05,35,78,75177,71546,3631,SP
2025-06,35,78,79186,72315,6871,SP
2025-07,35,78,80118,78261,1857,SP
2025-08,35,78,66583,71546,-4963,SP
2025-09,35,78,81063,73547,7516,SP
2025-10,35,78,91823,81029,10794,SP
2025-11,35,78,94415,74110,20305,SP
2025-12,35,78,68086,102242,-34156,SP
2023-01,350410,78,18,26,-8,Atibaia
2023-02,350410,78,85,64,21,Atibaia
2023-03,350410,78,89,39,50,Atibaia
2023-04,350410,78,86,73,13,Atibaia
2023-05,350410,78,82,88,-6,Atibaia
2023-06,350410,78,106,67,39,Atibaia
2023-07,350410,78,78,110,-32,Atibaia
2023-08,350410,78,57,108,-51,Atibaia
2023-09,350410,78,37,42,-5,Atibaia
2023-10,350410,78,62,80,-18,Atibaia
2023-11,350410,78,49,36,13,Atibaia
2023-12,350410,78,27,74,-47,Atibaia
2024-01,350410,78,49,52,-3,Atibaia
2024-02,350410,78,36,40,-4,Atibaia
2024-03,350410,78,44,45,-1,Atibaia
2024-04,350410,78,53,57,-4,Atibaia
2024-05,350410,78,69,64,5,Atibaia
2024-06,350410,78,141,107,34,Atibaia
2024-07,350410,78,155,112,43,Atibaia
2024-08,350410,78,82,111,-29,Atibaia
2024-09,350410,78,125,146,-21,Atibaia
2024-10,350410,78,86,84,2,Atibaia
2024-11,350410,78,79,74,5,Atibaia
2024-12,350410,78,62,52,10,Atibaia
2025-01,350410,78,102,100,2,Atibaia
2025-02,350410,78,98,98,0,Atibaia
2025-03,350410,78,81,104,-23,Atibaia
2025-04,350410,78,66,94,-28,Atibaia
2025-05,350410,78,58,72,-14,Atibaia
2025-06,350410,78,54,90,-36,Atibaia
2025-07,350410,78,102,89,13,Atibaia
2025-08,350410,78,118,115,3,Atibaia
2025-09,350410,78,170,62,108,Atibaia
2025-10,350410,78,149,104,45,Atibaia
2025-11,350410,78,143,113,30,Atibaia
2025-12,350410,78,49,103,-54,Atibaia
2023-01,350410,A,54,65,-11,Atibaia
2023-02,350410,A,55,75,-20,Atibaia
2023-03,350410,A,81,70,11,Atibaia
2023-04,350410,A,49,45,4,Atibaia
2023-05,350410,A,70,47,23,Atibaia
2023-06,350410,A,59,60,-1,Atibaia
2023-07,350410,A,42,44,-2,Atibaia
2023-08,350410,A,44,49,-5,Atibaia
2023-09,350410,A,58,56,2,Atibaia
2023-10,350410,A,66,54,12,Atibaia
2023-11,350410,A,46,64,-18,Atibaia
2023-12,350410,A,42,55,-13,Atibaia
2024-01,350410,A,63,51,12,Atibaia
2024-02,350410,A,82,65,17,Atibaia
2024-03,350410,A,51,69,-18,Atibaia
2024-04,350410,A,66,57,9,Atibaia
2024-05,350410,A,51,51,0,Atibaia
2024-06,350410,A,56,52,4,Atibaia
2024-07,350410,A,50,61,-11,Atibaia
2024-08,350410,A,52,53,-1,Atibaia
2024-09,350410,A,46,43,3,Atibaia
2024-10,350410,A,49,49,0,Atibaia
2024-11,350410,A,25,59,-34,Atibaia
2024-12,350410,A,37,38,-1,Atibaia
2025-01,350410,A,54,63,-9,Atibaia
2025-02,350410,A,71,63,8,Atibaia
2025-03,350410,A,52,78,-26,Atibaia
2025-04,350410,A,55,49,6,Atibaia
2025-05,350410,A,67,53,14,Atibaia
2025-06,350410,A,51,59,-8,Atibaia
2025-07,350410,A,53,45,8,Atibaia
2025-08,350410,A,43,60,-17,Atibaia
2025-09,350410,A,48,39,9,Atibaia
2025-10,350410,A,59,72,-13,Atibaia
2025-11,350410,A,49,52,-3,Atibaia
2025-12,350410,A,55,65,-10,Atibaia
2023-01,350410,B,1,0,1,Atibaia
2023-02,350410,B,19,36,-17,Atibaia
2023-03,350410,B,1,2,-1,Atibaia
2023-04,350410,B,1,0,1,Atibaia
2023-05,350410,B,0,1,-1,Atibaia
2023-07,350410,B,2,0,2,Atibaia
2023-08,350410,B,2,1,1,Atibaia
2023-10,350410,B,4,0,4,Atibaia
2023-12,350410,B,0,1,-1,Atibaia
2024-01,350410,B,0,1,-1,Atibaia
2024-02,350410,B,0,1,-1,Atibaia
2024-03,350410,B,0,1,-1,Atibaia
2024-04,350410,B,2,0,2,Atibaia
2024-05,350410,B,2,0,2,Atibaia
2024-06,350410,B,2,0,2,Atibaia
2024-07,350410,B,1,1,0,Atibaia
2024-08,350410,B,0,1,-1,Atibaia
2024-09,350410,B,1,0,1,Atibaia
2024-11,350410,B,2,0,2,Atibaia
2025-03,350410,B,1,3,-2,Atibaia
2025-04,350410,B,0,1,-1,Atibaia
2025-05,350410,B,1,0,1,Atibaia
2025-06,350410,B,0,1,-1,Atibaia
2025-08,350410,B,4,2,2,Atibaia
2025-09,350410,B,1,0,1,Atibaia
2025-10,350410,B,1,1,0,Atibaia
2025-11,350410,B,2,0,2,Atibaia
2025-12,350410,B,1,1,0,Atibaia
2023-01,350410,C,401,319,82,Atibaia
2023-02,350410,C,391,334,57,Atibaia
2023-03,350410,C,517,519,-2,Atibaia
2023-04,350410,C,347,388,-41,Atibaia
2023-05,350410,C,410,323,87,Atibaia
2023-06,350410,C,434,390,44,Atibaia
2023-07,350410,C,420,366,54,Atibaia
2023-08,350410,C,505,439,66,Atibaia
2023-09,350410,C,433,399,34,Atibaia
2023-10,350410,C,406,407,-1,Atibaia
2023-11,350410,C,322,355,-33,Atibaia
2023-12,350410,C,192,390,-198,Atibaia
2024-01,350410,C,380,356,24,Atibaia
2024-02,350410,C,397,375,22,Atibaia
2024-03,350410,C,364,426,-62,Atibaia
2024-04,350410,C,437,423,14,Atibaia
2024-05,350410,C,443,369,74,Atibaia
2024-06,350410,C,439,378,61,Atibaia
2024-07,350410,C,510,436,74,Atibaia
2024-08,350410,C,496,366,130,Atibaia
2024-09,350410,C,556,431,125,Atibaia
2024-10,350410,C,535,450,85,Atibaia
2024-11,350410,C,414,369,45,Atibaia
2024-12,350410,C,254,397,-143,Atibaia
2025-01,350410,C,476,415,61,Atibaia
2025-02,350410,C,546,452,94,Atibaia
2025-03,350410,C,576,468,108,Atibaia
2025-04,350410,C,530,424,106,Atibaia
2025-05,350410,C,517,430,87,Atibaia
2025-06,350410,C,580,493,87,Atibaia
2025-07,350410,C,545,494,51,Atibaia
2025-08,350410,C,518,478,40,Atibaia
2025-09,350410,C,561,462,99,Atibaia
2025-10,350410,C,436,504,-68,Atibaia
2025-11,350410,C,382,433,-51,Atibaia
2025-12,350410,C,242,374,-132,Atibaia
2023-01,350410,D,0,1,-1,Atibaia
2023-02,350410,D,2,0,2,Atibaia
2023-03,350410,D,0,1,-1,Atibaia
2023-04,350410,D,1,2,-1,Atibaia
2023-06,350410,D,11,2,9,Atibaia
2023-07,350410,D,1,0,1,Atibaia
2023-08,350410,D,0,1,-1,Atibaia
2023-09,350410,D,1,1,0,Atibaia
2023-10,350410,D,1,3,-2,Atibaia
2023-11,350410,D,1,0,1,Atibaia
2023-12,350410,D,1,1,0,Atibaia
2024-01,350410,D,1,0,1,Atibaia
2024-02,350410,D,1,2,-1,Atibaia
2024-03,350410,D,1,3,-2,Atibaia
2024-05,350410,D,2,1,1,Atibaia
2024-07,350410,D,1,0,1,Atibaia
2024-08,350410,D,0,1,-1,Atibaia
2024-09,350410,D,1,4,-3,Atibaia
2024-11,350410,D,1,0,1,Atibaia
2024-12,350410,D,1,1,0,Atibaia
2025-01,350410,D,2,2,0,Atibaia
2025-02,350410,D,0,2,-2,Atibaia
2025-03,350410,D,1,1,0,Atibaia
2025-04,350410,D,1,3,-2,Atibaia
2025-05,350410,D,0,3,-3,Atibaia
2025-06,350410,D,1,3,-2,Atibaia
2025-07,350410,D,4,1,3,Atibaia
2025-08,350410,D,3,1,2,Atibaia
2025-09,350410,D,0,1,-1,Atibaia
2025-10,350410,D,1,3,-2,Atibaia
2025-12,350410,D,3,2,1,Atibaia
2023-01,350410,E,6,6,0,Atibaia
2023-02,350410,E,7,4,3,Atibaia
2023-03,350410,E,3,4,-1,Atibaia
2023-04,350410,E,3,6,-3,Atibaia
2023-05,350410,E,1,2,-1,Atibaia
2023-06,350410,E,5,1,4,Atibaia
2023-07,350410,E,3,3,0,Atibaia
2023-08,350410,E,7,3,4,Atibaia
2023-09,350410,E,6,6,0,Atibaia
2023-10,350410,E,5,8,-3,Atibaia
2023-11,350410,E,4,2,2,Atibaia
2023-12,350410,E,1,3,-2,Atibaia
2024-01,350410,E,6,8,-2,Atibaia
2024-02,350410,E,9,11,-2,Atibaia
2024-03,350410,E,19,8,11,Atibaia
2024-04,350410,E,3,6,-3,Atibaia
2024-05,350410,E,5,6,-1,Atibaia
2024-06,350410,E,4,5,-1,Atibaia
2024-07,350410,E,31,2,29,Atibaia
2024-08,350410,E,14,14,0,Atibaia
2024-09,350410,E,7,4,3,Atibaia
2024-10,350410,E,7,7,0,Atibaia
2024-11,350410,E,10,5,5,Atibaia
2024-12,350410,E,6,4,2,Atibaia
2025-01,350410,E,4,12,-8,Atibaia
2025-02,350410,E,11,15,-4,Atibaia
2025-03,350410,E,11,9,2,Atibaia
2025-04,350410,E,10,9,1,Atibaia
2025-05,350410,E,12,2,10,Atibaia
2025-06,350410,E,9,6,3,Atibaia
2025-07,350410,E,6,11,-5,Atibaia
2025-08,350410,E,7,4,3,Atibaia
2025-09,350410,E,4,4,0,Atibaia
2025-10,350410,E,8,11,-3,Atibaia
2025-11,350410,E,6,4,2,Atibaia
2025-12,350410,E,5,5,0,Atibaia
2023-01,350410,F,173,84,89,Atibaia
2023-02,350410,F,107,83,24,Atibaia
2023-03,350410,F,175,99,76,Atibaia
2023-04,350410,F,145,69,76,Atibaia
2023-05,350410,F,128,94,34,Atibaia
2023-06,350410,F,122,144,-22,Atibaia
2023-07,350410,F,59,151,-92,Atibaia
2023-08,350410,F,84,112,-28,Atibaia
2023-09,350410,F,108,87,21,Atibaia
2023-10,350410,F,66,91,-25,Atibaia
2023-11,350410,F,62,73,-11,Atibaia
2023-12,350410,F,56,65,-9,Atibaia
2024-01,350410,F,124,108,16,Atibaia
2024-02,350410,F,190,87,103,Atibaia
2024-03,350410,F,211,106,105,Atibaia
2024-04,350410,F,221,129,92,Atibaia
2024-05,350410,F,139,163,-24,Atibaia
2024-06,350410,F,171,130,41,Atibaia
2024-07,350410,F,146,109,37,Atibaia
2024-08,350410,F,195,118,77,Atibaia
2024-09,350410,F,158,135,23,Atibaia
2024-10,350410,F,240,143,97,Atibaia
2024-11,350410,F,153,120,33,Atibaia
2024-12,350410,F,75,100,-25,Atibaia
2025-01,350410,F,204,128,76,Atibaia
2025-02,350410,F,212,152,60,Atibaia
2025-03,350410,F,150,92,58,Atibaia
2025-04,350410,F,214,116,98,Atibaia
2025-05,350410,F,277,150,127,Atibaia
2025-06,350410,F,231,134,97,Atibaia
2025-07,350410,F,388,180,208,Atibaia
2025-08,350410,F,249,189,60,Atibaia
2025-09,350410,F,444,184,260,Atibaia
2025-10,350410,F,176,210,-34,Atibaia
2025-11,350410,F,176,160,16,Atibaia
2025-12,350410,F,343,218,125,Atibaia
2023-01,350410,G,454,606,-152,Atibaia
2023-02,350410,G,592,586,6,Atibaia
2023-03,350410,G,604,587,17,Atibaia
2023-04,350410,G,535,475,60,Atibaia
2023-05,350410,G,542,547,-5,Atibaia
2023-06,350410,G,559,575,-16,Atibaia
2023-07,350410,G,676,536,140,Atibaia
2023-08,350410,G,659,603,56,Atibaia
2023-09,350410,G,596,586,10,Atibaia
2023-10,350410,G,689,591,98,Atibaia
2023-11,350410,G,603,533,70,Atibaia
2023-12,350410,G,528,566,-38,Atibaia
2024-01,350410,G,552,643,-91,Atibaia
2024-02,350410,G,722,625,97,Atibaia
2024-03,350410,G,710,672,38,Atibaia
2024-04,350410,G,740,674,66,Atibaia
2024-05,350410,G,655,615,40,Atibaia
2024-06,350410,G,610,589,21,Atibaia
2024-07,350410,G,676,646,30,Atibaia
2024-08,350410,G,675,654,21,Atibaia
2024-09,350410,G,572,632,-60,Atibaia
2024-10,350410,G,677,718,-41,Atibaia
2024-11,350410,G,586,558,28,Atibaia
2024-12,350410,G,545,523,22,Atibaia
2025-01,350410,G,579,732,-153,Atibaia
2025-02,350410,G,784,685,99,Atibaia
2025-03,350410,G,668,658,10,Atibaia
2025-04,350410,G,616,598,18,Atibaia
2025-05,350410,G,662,696,-34,Atibaia
2025-06,350410,G,634,553,81,Atibaia
2025-07,350410,G,616,560,56,Atibaia
2025-08,350410,G,686,589,97,Atibaia
2025-09,350410,G,674,634,40,Atibaia
2025-10,350410,G,644,686,-42,Atibaia
2025-11,350410,G,675,509,166,Atibaia
2025-12,350410,G,511,570,-59,Atibaia
2023-01,350410,H,32,51,-19,Atibaia
2023-02,350410,H,68,46,22,Atibaia
2023-03,350410,H,59,52,7,Atibaia
2023-04,350410,H,54,36,18,Atibaia
2023-05,350410,H,65,57,8,Atibaia
2023-06,350410,H,63,46,17,Atibaia
2023-07,350410,H,45,50,-5,Atibaia
2023-08,350410,H,56,56,0,Atibaia
2023-09,350410,H,74,54,20,Atibaia
2023-10,350410,H,75,53,22,Atibaia
2023-11,350410,H,71,51,20,Atibaia
2023-12,350410,H,68,45,23,Atibaia
2024-01,350410,H,60,85,-25,Atibaia
2024-02,350410,H,104,54,50,Atibaia
2024-03,350410,H,91,62,29,Atibaia
2024-04,350410,H,81,73,8,Atibaia
2024-05,350410,H,95,80,15,Atibaia
2024-06,350410,H,91,74,17,Atibaia
2024-07,350410,H,83,69,14,Atibaia
2024-08,350410,H,80,71,9,Atibaia
2024-09,350410,H,83,64,19,Atibaia
2024-10,350410,H,102,64,38,Atibaia
2024-11,350410,H,83,89,-6,Atibaia
2024-12,350410,H,65,73,-8,Atibaia
2025-01,350410,H,91,91,0,Atibaia
2025-02,350410,H,134,75,59,Atibaia
2025-03,350410,H,80,94,-14,Atibaia
2025-04,350410,H,128,80,48,Atibaia
2025-05,350410,H,117,116,1,Atibaia
2025-06,350410,H,119,112,7,Atibaia
2025-07,350410,H,122,111,11,Atibaia
2025-08,350410,H,101,92,9,Atibaia
2025-09,350410,H,124,98,26,Atibaia
2025-10,350410,H,131,100,31,Atibaia
2025-11,350410,H,91,90,1,Atibaia
2025-12,350410,H,59,85,-26,Atibaia
2023-01,350410,I,192,265,-73,Atibaia
2023-02,350410,I,274,220,54,Atibaia
2023-03,350410,I,288,263,25,Atibaia
2023-04,350410,I,244,201,43,Atibaia
2023-05,350410,I,247,231,16,Atibaia
2023-06,350410,I,254,221,33,Atibaia
2023-07,350410,I,249,239,10,Atibaia
2023-08,350410,I,237,208,29,Atibaia
2023-09,350410,I,201,224,-23,Atibaia
2023-10,350410,I,208,219,-11,Atibaia
2023-11,350410,I,223,188,35,Atibaia
2023-12,350410,I,185,196,-11,Atibaia
2024-01,350410,I,219,254,-35,Atibaia
2024-02,350410,I,326,237,89,Atibaia
2024-03,350410,I,329,257,72,Atibaia
2024-04,350410,I,240,267,-27,Atibaia
2024-05,350410,I,249,224,25,Atibaia
2024-06,350410,I,247,232,15,Atibaia
2024-07,350410,I,263,229,34,Atibaia
2024-08,350410,I,242,232,10,Atibaia
2024-09,350410,I,267,210,57,Atibaia
2024-10,350410,I,298,301,-3,Atibaia
2024-11,350410,I,241,234,7,Atibaia
2024-12,350410,I,152,242,-90,Atibaia
2025-01,350410,I,177,258,-81,Atibaia
2025-02,350410,I,297,228,69,Atibaia
2025-03,350410,I,279,270,9,Atibaia
2025-04,350410,I,319,262,57,Atibaia
2025-05,350410,I,307,234,73,Atibaia
2025-06,350410,I,266,227,39,Atibaia
2025-07,350410,I,274,257,17,Atibaia
2025-08,350410,I,275,234,41,Atibaia
2025-09,350410,I,213,208,5,Atibaia
2025-10,350410,I,197,199,-2,Atibaia
2025-11,350410,I,200,210,-10,Atibaia
2025-12,350410,I,153,197,-44,Atibaia
2023-01,350410,J,28,31,-3,Atibaia
2023-02,350410,J,23,19,4,Atibaia
2023-03,350410,J,20,21,-1,Atibaia
2023-04,350410,J,22,34,-12,Atibaia
2023-05,350410,J,27,19,8,Atibaia
2023-06,350410,J,27,17,10,Atibaia
2023-07,350410,J,29,13,16,Atibaia
2023-08,350410,J,36,23,13,Atibaia
2023-09,350410,J,28,26,2,Atibaia
2023-10,350410,J,37,23,14,Atibaia
2023-11,350410,J,31,26,5,Atibaia
2023-12,350410,J,27,39,-12,Atibaia
2024-01,350410,J,34,22,12,Atibaia
2024-02,350410,J,39,32,7,Atibaia
2024-03,350410,J,29,33,-4,Atibaia
2024-04,350410,J,45,35,10,Atibaia
2024-05,350410,J,46,36,10,Atibaia
2024-06,350410,J,34,20,14,Atibaia
2024-07,350410,J,39,31,8,Atibaia
2024-08,350410,J,45,41,4,Atibaia
2024-09,350410,J,22,36,-14,Atibaia
2024-10,350410,J,22,47,-25,Atibaia
2024-11,350410,J,25,36,-11,Atibaia
2024-12,350410,J,18,41,-23,Atibaia
2025-01,350410,J,29,41,-12,Atibaia
2025-02,350410,J,44,29,15,Atibaia
2025-03,350410,J,26,38,-12,Atibaia
2025-04,350410,J,41,34,7,Atibaia
2025-05,350410,J,62,32,30,Atibaia
2025-06,350410,J,38,37,1,Atibaia
2025-07,350410,J,49,40,9,Atibaia
2025-08,350410,J,47,38,9,Atibaia
2025-09,350410,J,35,41,-6,Atibaia
2025-10,350410,J,29,39,-10,Atibaia
2025-11,350410,J,27,32,-5,Atibaia
2025-12,350410,J,28,34,-6,Atibaia
2023-01,350410,K,14,15,-1,Atibaia
2023-02,350410,K,21,17,4,Atibaia
2023-03,350410,K,9,20,-11,Atibaia
2023-04,350410,K,12,21,-9,Atibaia
2023-05,350410,K,11,18,-7,Atibaia
2023-06,350410,K,14,9,5,Atibaia
2023-07,350410,K,12,12,0,Atibaia
2023-08,350410,K,22,25,-3,Atibaia
2023-09,350410,K,12,12,0,Atibaia
2023-10,350410,K,22,13,9,Atibaia
2023-11,350410,K,9,8,1,Atibaia
2023-12,350410,K,5,7,-2,Atibaia
2024-01,350410,K,14,13,1,Atibaia
2024-02,350410,K,11,15,-4,Atibaia
2024-03,350410,K,20,17,3,Atibaia
2024-04,350410,K,14,9,5,Atibaia
2024-05,350410,K,18,19,-1,Atibaia
2024-06,350410,K,16,10,6,Atibaia
2024-07,350410,K,19,12,7,Atibaia
2024-08,350410,K,19,13,6,Atibaia
2024-09,350410,K,22,21,1,Atibaia
2024-10,350410,K,24,19,5,Atibaia
2024-11,350410,K,24,23,1,Atibaia
2024-12,350410,K,5,12,-7,Atibaia
2025-01,350410,K,16,25,-9,Atibaia
2025-02,350410,K,32,14,18,Atibaia
2025-03,350410,K,17,24,-7,Atibaia
2025-04,350410,K,25,18,7,Atibaia
2025-05,350410,K,18,19,-1,Atibaia
2025-06,350410,K,14,12,2,Atibaia
2025-07,350410,K,18,15,3,Atibaia
2025-08,350410,K,12,17,-5,Atibaia
2025-09,350410,K,21,19,2,Atibaia
2025-10,350410,K,11,8,3,Atibaia
2025-11,350410,K,10,13,-3,Atibaia
2025-12,350410,K,6,17,-11,Atibaia
2023-01,350410,L,8,14,-6,Atibaia
2023-02,350410,L,8,6,2,Atibaia
2023-03,350410,L,29,10,19,Atibaia
2023-04,350410,L,11,8,3,Atibaia
2023-05,350410,L,28,11,17,Atibaia
2023-06,350410,L,10,8,2,Atibaia
2023-07,350410,L,20,7,13,Atibaia
2023-08,350410,L,9,6,3,Atibaia
2023-09,350410,L,21,15,6,Atibaia
2023-10,350410,L,13,15,-2,Atibaia
2023-11,350410,L,11,6,5,Atibaia
2023-12,350410,L,10,12,-2,Atibaia
2024-01,350410,L,4,12,-8,Atibaia
2024-02,350410,L,11,8,3,Atibaia
2024-03,350410,L,7,11,-4,Atibaia
2024-04,350410,L,10,7,3,Atibaia
2024-05,350410,L,6,12,-6,Atibaia
2024-06,350410,L,7,6,1,Atibaia
2024-07,350410,L,4,5,-1,Atibaia
2024-08,350410,L,10,11,-1,Atibaia
2024-09,350410,L,11,5,6,Atibaia
2024-10,350410,L,5,5,0,Atibaia
2024-11,350410,L,5,7,-2,Atibaia
2024-12,350410,L,2,3,-1,Atibaia
2025-01,350410,L,8,7,1,Atibaia
2025-02,350410,L,8,6,2,Atibaia
2025-03,350410,L,5,5,0,Atibaia
2025-04,350410,L,15,9,6,Atibaia
2025-05,350410,L,8,9,-1,Atibaia
2025-06,350410,L,7,0,7,Atibaia
2025-07,350410,L,4,6,-2,Atibaia
2025-08,350410,L,5,8,-3,Atibaia
2025-09,350410,L,7,1,6,Atibaia
2025-10,350410,L,7,6,1,Atibaia
2025-11,350410,L,3,4,-1,Atibaia
2025-12,350410,L,4,6,-2,Atibaia
2023-01,350410,M,71,51,20,Atibaia
2023-02,350410,M,55,67,-12,Atibaia
2023-03,350410,M,80,73,7,Atibaia
2023-04,350410,M,55,50,5,Atibaia
2023-05,350410,M,53,54,-1,Atibaia
2023-06,350410,M,53,59,-6,Atibaia
2023-07,350410,M,47,38,9,Atibaia
2023-08,350410,M,59,57,2,Atibaia
2023-09,350410,M,58,56,2,Atibaia
2023-10,350410,M,63,52,11,Atibaia
2023-11,350410,M,60,40,20,Atibaia
2023-12,350410,M,18,39,-21,Atibaia
2024-01,350410,M,44,40,4,Atibaia
2024-02,350410,M,65,54,11,Atibaia
2024-03,350410,M,50,59,-9,Atibaia
2024-04,350410,M,70,65,5,Atibaia
2024-05,350410,M,56,60,-4,Atibaia
2024-06,350410,M,49,46,3,Atibaia
2024-07,350410,M,49,54,-5,Atibaia
2024-08,350410,M,62,59,3,Atibaia
2024-09,350410,M,51,59,-8,Atibaia
2024-10,350410,M,78,48,30,Atibaia
2024-11,350410,M,32,58,-26,Atibaia
2024-12,350410,M,26,49,-23,Atibaia
2025-01,350410,M,63,51,12,Atibaia
2025-02,350410,M,117,50,67,Atibaia
2025-03,350410,M,45,85,-40,Atibaia
2025-04,350410,M,67,50,17,Atibaia
2025-05,350410,M,65,67,-2,Atibaia
2025-06,350410,M,61,57,4,Atibaia
2025-07,350410,M,53,64,-11,Atibaia
2025-08,350410,M,78,51,27,Atibaia
2025-09,350410,M,50,63,-13,Atibaia
2025-10,350410,M,63,52,11,Atibaia
2025-11,350410,M,38,43,-5,Atibaia
2025-12,350410,M,40,33,7,Atibaia
2023-01,350410,N,155,124,31,Atibaia
2023-02,350410,N,217,158,59,Atibaia
2023-03,350410,N,221,175,46,Atibaia
2023-04,350410,N,199,177,22,Atibaia
2023-05,350410,N,228,218,10,Atibaia
2023-06,350410,N,256,185,71,Atibaia
2023-07,350410,N,194,225,-31,Atibaia
2023-08,350410,N,215,230,-15,Atibaia
2023-09,350410,N,151,153,-2,Atibaia
2023-10,350410,N,184,190,-6,Atibaia
2023-11,350410,N,175,133,42,Atibaia
2023-12,350410,N,121,194,-73,Atibaia
2024-01,350410,N,263,193,70,Atibaia
2024-02,350410,N,179,162,17,Atibaia
2024-03,350410,N,224,199,25,Atibaia
2024-04,350410,N,201,218,-17,Atibaia
2024-05,350410,N,211,219,-8,Atibaia
2024-06,350410,N,294,255,39,Atibaia
2024-07,350410,N,302,272,30,Atibaia
2024-08,350410,N,243,313,-70,Atibaia
2024-09,350410,N,265,306,-41,Atibaia
2024-10,350410,N,233,221,12,Atibaia
2024-11,350410,N,220,206,14,Atibaia
2024-12,350410,N,160,168,-8,Atibaia
2025-01,350410,N,278,276,2,Atibaia
2025-02,350410,N,250,263,-13,Atibaia
2025-03,350410,N,251,253,-2,Atibaia
2025-04,350410,N,242,226,16,Atibaia
2025-05,350410,N,206,227,-21,Atibaia
2025-06,350410,N,208,242,-34,Atibaia
2025-07,350410,N,260,221,39,Atibaia
2025-08,350410,N,286,264,22,Atibaia
2025-09,350410,N,346,209,137,Atibaia
2025-10,350410,N,287,248,39,Atibaia
2025-11,350410,N,256,248,8,Atibaia
2025-12,350410,N,144,239,-95,Atibaia
2023-01,350410,O,14,21,-7,Atibaia
2023-02,350410,O,45,18,27,Atibaia
2023-03,350410,O,22,20,2,Atibaia
2023-04,350410,O,24,17,7,Atibaia
2023-05,350410,O,26,12,14,Atibaia
2023-06,350410,O,19,9,10,Atibaia
2023-07,350410,O,47,18,29,Atibaia
2023-08,350410,O,85,31,54,Atibaia
2023-09,350410,O,18,14,4,Atibaia
2023-10,350410,O,2,13,-11,Atibaia
2023-11,350410,O,0,9,-9,Atibaia
2023-12,350410,O,0,8,-8,Atibaia
2024-01,350410,O,0,11,-11,Atibaia
2024-02,350410,O,0,26,-26,Atibaia
2024-03,350410,O,0,16,-16,Atibaia
2024-04,350410,O,46,25,21,Atibaia
2024-05,350410,O,105,25,80,Atibaia
2024-06,350410,O,149,24,125,Atibaia
2024-07,350410,O,143,30,113,Atibaia
2024-08,350410,O,65,33,32,Atibaia
2024-09,350410,O,39,24,15,Atibaia
2024-10,350410,O,3,18,-15,Atibaia
2024-11,350410,O,0,21,-21,Atibaia
2024-12,350410,O,2,9,-7,Atibaia
2025-01,350410,O,9,24,-15,Atibaia
2025-02,350410,O,12,21,-9,Atibaia
2025-03,350410,O,20,17,3,Atibaia
2025-04,350410,O,75,21,54,Atibaia
2025-05,350410,O,11,17,-6,Atibaia
2025-06,350410,O,32,19,13,Atibaia
2025-07,350410,O,45,15,30,Atibaia
2025-08,350410,O,17,26,-9,Atibaia
2025-09,350410,O,29,24,5,Atibaia
2025-10,350410,O,23,26,-3,Atibaia
2025-11,350410,O,11,15,-4,Atibaia
2025-12,350410,O,13,8,5,Atibaia
2023-01,350410,P,91,64,27,Atibaia
2023-02,350410,P,110,48,62,Atibaia
2023-03,350410,P,75,70,5,Atibaia
2023-04,350410,P,47,38,9,Atibaia
2023-05,350410,P,47,53,-6,Atibaia
2023-06,350410,P,38,68,-30,Atibaia
2023-07,350410,P,25,31,-6,Atibaia
2023-08,350410,P,70,39,31,Atibaia
2023-09,350410,P,45,32,13,Atibaia
2023-10,350410,P,38,40,-2,Atibaia
2023-11,350410,P,29,33,-4,Atibaia
2023-12,350410,P,8,105,-97,Atibaia
2024-01,350410,P,102,47,55,Atibaia
2024-02,350410,P,95,52,43,Atibaia
2024-03,350410,P,60,46,14,Atibaia
2024-04,350410,P,54,58,-4,Atibaia
2024-05,350410,P,49,44,5,Atibaia
2024-06,350410,P,41,47,-6,Atibaia
2024-07,350410,P,31,49,-18,Atibaia
2024-08,350410,P,85,47,38,Atibaia
2024-09,350410,P,50,38,12,Atibaia
2024-10,350410,P,39,34,5,Atibaia
2024-11,350410,P,25,27,-2,Atibaia
2024-12,350410,P,8,95,-87,Atibaia
2025-01,350410,P,99,55,44,Atibaia
2025-02,350410,P,130,41,89,Atibaia
2025-03,350410,P,53,55,-2,Atibaia
2025-04,350410,P,62,52,10,Atibaia
2025-05,350410,P,39,43,-4,Atibaia
2025-06,350410,P,24,46,-22,Atibaia
2025-07,350410,P,31,55,-24,Atibaia
2025-08,350410,P,77,42,35,Atibaia
2025-09,350410,P,47,44,3,Atibaia
2025-10,350410,P,40,35,5,Atibaia
2025-11,350410,P,19,32,-13,Atibaia
2025-12,350410,P,8,105,-97,Atibaia
2023-01,350410,Q,262,116,146,Atibaia
2023-02,350410,Q,147,179,-32,Atibaia
2023-03,350410,Q,219,244,-25,Atibaia
2023-04,350410,Q,186,113,73,Atibaia
2023-05,350410,Q,156,124,32,Atibaia
2023-06,350410,Q,154,124,30,Atibaia
2023-07,350410,Q,157,168,-11,Atibaia
2023-08,350410,Q,168,154,14,Atibaia
2023-09,350410,Q,134,137,-3,Atibaia
2023-10,350410,Q,120,131,-11,Atibaia
2023-11,350410,Q,136,111,25,Atibaia
2023-12,350410,Q,140,255,-115,Atibaia
2024-01,350410,Q,224,143,81,Atibaia
2024-02,350410,Q,172,152,20,Atibaia
2024-03,350410,Q,200,182,18,Atibaia
2024-04,350410,Q,210,142,68,Atibaia
2024-05,350410,Q,285,178,107,Atibaia
2024-06,350410,Q,192,186,6,Atibaia
2024-07,350410,Q,166,145,21,Atibaia
2024-08,350410,Q,180,168,12,Atibaia
2024-09,350410,Q,183,168,15,Atibaia
2024-10,350410,Q,156,159,-3,Atibaia
2024-11,350410,Q,124,129,-5,Atibaia
2024-12,350410,Q,117,285,-168,Atibaia
2025-01,350410,Q,296,166,130,Atibaia
2025-02,350410,Q,194,159,35,Atibaia
2025-03,350410,Q,190,174,16,Atibaia
2025-04,350410,Q,194,142,52,Atibaia
2025-05,350410,Q,181,165,16,Atibaia
2025-06,350410,Q,126,156,-30,Atibaia
2025-07,350410,Q,162,139,23,Atibaia
2025-08,350410,Q,129,149,-20,Atibaia
2025-09,350410,Q,188,168,20,Atibaia
2025-10,350410,Q,180,133,47,Atibaia
2025-11,350410,Q,156,145,11,Atibaia
2025-12,350410,Q,101,335,-234,Atibaia
2023-01,350410,R,10,9,1,Atibaia
2023-02,350410,R,40,18,22,Atibaia
2023-03,350410,R,19,21,-2,Atibaia
2023-04,350410,R,18,7,11,Atibaia
2023-05,350410,R,8,22,-14,Atibaia
2023-06,350410,R,14,13,1,Atibaia
2023-07,350410,R,10,5,5,Atibaia
2023-08,350410,R,10,6,4,Atibaia
2023-09,350410,R,25,16,9,Atibaia
2023-10,350410,R,17,10,7,Atibaia
2023-11,350410,R,18,11,7,Atibaia
2023-12,350410,R,4,45,-41,Atibaia
2024-01,350410,R,15,19,-4,Atibaia
2024-02,350410,R,48,16,32,Atibaia
2024-03,350410,R,15,14,1,Atibaia
2024-04,350410,R,27,16,11,Atibaia
2024-05,350410,R,26,20,6,Atibaia
2024-06,350410,R,16,13,3,Atibaia
2024-07,350410,R,11,10,1,Atibaia
2024-08,350410,R,7,11,-4,Atibaia
2024-09,350410,R,17,13,4,Atibaia
2024-10,350410,R,16,15,1,Atibaia
2024-11,350410,R,11,18,-7,Atibaia
2024-12,350410,R,5,41,-36,Atibaia
2025-01,350410,R,19,12,7,Atibaia
2025-02,350410,R,14,12,2,Atibaia
2025-03,350410,R,30,16,14,Atibaia
2025-04,350410,R,24,10,14,Atibaia
2025-05,350410,R,24,15,9,Atibaia
2025-06,350410,R,9,5,4,Atibaia
2025-07,350410,R,13,13,0,Atibaia
2025-08,350410,R,37,15,22,Atibaia
2025-09,350410,R,30,14,16,Atibaia
2025-10,350410,R,19,16,3,Atibaia
2025-11,350410,R,16,16,0,Atibaia
2025-12,350410,R,15,33,-18,Atibaia
2023-01,350410,S,86,21,65,Atibaia
2023-02,350410,S,79,60,19,Atibaia
2023-03,350410,S,51,39,12,Atibaia
2023-04,350410,S,35,23,12,Atibaia
2023-05,350410,S,34,19,15,Atibaia
2023-06,350410,S,27,43,-16,Atibaia
2023-07,350410,S,29,24,5,Atibaia
2023-08,350410,S,24,22,2,Atibaia
2023-09,350410,S,31,31,0,Atibaia
2023-10,350410,S,25,32,-7,Atibaia
2023-11,350410,S,26,23,3,Atibaia
2023-12,350410,S,13,100,-87,Atibaia
2024-01,350410,S,53,32,21,Atibaia
2024-02,350410,S,89,26,63,Atibaia
2024-03,350410,S,34,44,-10,Atibaia
2024-04,350410,S,50,20,30,Atibaia
2024-05,350410,S,26,22,4,Atibaia
2024-06,350410,S,25,24,1,Atibaia
2024-07,350410,S,30,25,5,Atibaia
2024-08,350410,S,19,19,0,Atibaia
2024-09,350410,S,30,19,11,Atibaia
2024-10,350410,S,26,22,4,Atibaia
2024-11,350410,S,14,26,-12,Atibaia
2024-12,350410,S,10,113,-103,Atibaia
2025-01,350410,S,61,22,39,Atibaia
2025-02,350410,S,71,23,48,Atibaia
2025-03,350410,S,29,37,-8,Atibaia
2025-04,350410,S,39,36,3,Atibaia
2025-05,350410,S,33,34,-1,Atibaia
2025-06,350410,S,20,40,-20,Atibaia
2025-07,350410,S,39,22,17,Atibaia
2025-08,350410,S,38,27,11,Atibaia
2025-09,350410,S,28,27,1,Atibaia
2025-10,350410,S,23,24,-1,Atibaia
2025-11,350410,S,23,14,9,Atibaia
2025-12,350410,S,16,90,-74,Atibaia
2023-01,350410,T,0,1,-1,Atibaia
2023-01,350760,78,697,560,137,Bragança Paulista
2023-02,350760,78,372,524,-152,Bragança Paulista
2023-03,350760,78,431,699,-268,Bragança Paulista
2023-04,350760,78,241,446,-205,Bragança Paulista
2023-05,350760,78,463,338,125,Bragança Paulista
2023-06,350760,78,263,343,-80,Bragança Paulista
2023-07,350760,78,328,341,-13,Bragança Paulista
2023-08,350760,78,459,364,95,Bragança Paulista
2023-09,350760,78,495,399,96,Bragança Paulista
2023-10,350760,78,733,408,325,Bragança Paulista
2023-11,350760,78,980,572,408,Bragança Paulista
2023-12,350760,78,272,703,-431,Bragança Paulista
2024-01,350760,78,434,689,-255,Bragança Paulista
2024-02,350760,78,409,417,-8,Bragança Paulista
2024-03,350760,78,638,517,121,Bragança Paulista
2024-04,350760,78,678,506,172,Bragança Paulista
2024-05,350760,78,631,599,32,Bragança Paulista
2024-06,350760,78,557,564,-7,Bragança Paulista
2024-07,350760,78,794,727,67,Bragança Paulista
2024-08,350760,78,617,848,-231,Bragança Paulista
2024-09,350760,78,507,651,-144,Bragança Paulista
2024-10,350760,78,902,572,330,Bragança Paulista
2024-11,350760,78,836,583,253,Bragança Paulista
2024-12,350760,78,455,835,-380,Bragança Paulista
2025-01,350760,78,646,753,-107,Bragança Paulista
2025-02,350760,78,642,579,63,Bragança Paulista
2025-03,350760,78,764,607,157,Bragança Paulista
2025-04,350760,78,696,623,73,Bragança Paulista
2025-05,350760,78,660,576,84,Bragança Paulista
2025-06,350760,78,732,728,4,Bragança Paulista
2025-07,350760,78,845,700,145,Bragança Paulista
2025-08,350760,78,716,732,-16,Bragança Paulista
2025-09,350760,78,839,667,172,Bragança Paulista
2025-10,350760,78,1473,1026,447,Bragança Paulista
2025-11,350760,78,1158,1182,-24,Bragança Paulista
2025-12,350760,78,347,1104,-757,Bragança Paulista
2023-01,350760,A,40,52,-12,Bragança Paulista
2023-02,350760,A,37,46,-9,Bragança Paulista
2023-03,350760,A,66,38,28,Bragança Paulista
2023-04,350760,A,40,47,-7,Bragança Paulista
2023-05,350760,A,44,33,11,Bragança Paulista
2023-06,350760,A,42,45,-3,Bragança Paulista
2023-07,350760,A,36,22,14,Bragança Paulista
2023-08,350760,A,39,39,0,Bragança Paulista
2023-09,350760,A,32,37,-5,Bragança Paulista
2023-10,350760,A,23,42,-19,Bragança Paulista
2023-11,350760,A,44,29,15,Bragança Paulista
2023-12,350760,A,21,35,-14,Bragança Paulista
2024-01,350760,A,55,40,15,Bragança Paulista
2024-02,350760,A,40,48,-8,Bragança Paulista
2024-03,350760,A,54,69,-15,Bragança Paulista
2024-04,350760,A,45,57,-12,Bragança Paulista
2024-05,350760,A,61,34,27,Bragança Paulista
2024-06,350760,A,86,44,42,Bragança Paulista
2024-07,350760,A,33,45,-12,Bragança Paulista
2024-08,350760,A,49,41,8,Bragança Paulista
2024-09,350760,A,44,50,-6,Bragança Paulista
2024-10,350760,A,44,49,-5,Bragança Paulista
2024-11,350760,A,31,38,-7,Bragança Paulista
2024-12,350760,A,42,24,18,Bragança Paulista
2025-01,350760,A,30,52,-22,Bragança Paulista
2025-02,350760,A,57,38,19,Bragança Paulista
2025-03,350760,A,35,35,0,Bragança Paulista
2025-04,350760,A,77,40,37,Bragança Paulista
2025-05,350760,A,40,33,7,Bragança Paulista
2025-06,350760,A,38,37,1,Bragança Paulista
2025-07,350760,A,27,39,-12,Bragança Paulista
2025-08,350760,A,54,33,21,Bragança Paulista
2025-09,350760,A,44,45,-1,Bragança Paulista
2025-10,350760,A,37,45,-8,Bragança Paulista
2025-11,350760,A,36,48,-12,Bragança Paulista
2025-12,350760,A,29,35,-6,Bragança Paulista
2023-01,350760,B,3,2,1,Bragança Paulista
2023-02,350760,B,3,5,-2,Bragança Paulista
2023-03,350760,B,3,5,-2,Bragança Paulista
2023-04,350760,B,8,5,3,Bragança Paulista
2023-05,350760,B,3,5,-2,Bragança Paulista
2023-06,350760,B,4,5,-1,Bragança Paulista
2023-07,350760,B,4,1,3,Bragança Paulista
2023-08,350760,B,7,6,1,Bragança Paulista
2023-09,350760,B,1,2,-1,Bragança Paulista
2023-10,350760,B,6,1,5,Bragança Paulista
2023-11,350760,B,3,2,1,Bragança Paulista
2023-12,350760,B,6,0,6,Bragança Paulista
2024-01,350760,B,3,6,-3,Bragança Paulista
2024-02,350760,B,6,7,-1,Bragança Paulista
2024-03,350760,B,3,5,-2,Bragança Paulista
2024-04,350760,B,7,4,3,Bragança Paulista
2024-05,350760,B,2,2,0,Bragança Paulista
2024-06,350760,B,1,11,-10,Bragança Paulista
2024-07,350760,B,2,5,-3,Bragança Paulista
2024-08,350760,B,11,3,8,Bragança Paulista
2024-09,350760,B,8,4,4,Bragança Paulista
2024-10,350760,B,6,3,3,Bragança Paulista
2024-11,350760,B,4,1,3,Bragança Paulista
2024-12,350760,B,4,4,0,Bragança Paulista
2025-01,350760,B,4,4,0,Bragança Paulista
2025-02,350760,B,11,2,9,Bragança Paulista
2025-03,350760,B,4,10,-6,Bragança Paulista
2025-04,350760,B,4,0,4,Bragança Paulista
2025-05,350760,B,7,10,-3,Bragança Paulista
2025-06,350760,B,8,3,5,Bragança Paulista
2025-07,350760,B,2,6,-4,Bragança Paulista
2025-08,350760,B,1,9,-8,Bragança Paulista
2025-09,350760,B,4,4,0,Bragança Paulista
2025-10,350760,B,4,6,-2,Bragança Paulista
2025-11,350760,B,6,4,2,Bragança Paulista
2025-12,350760,B,2,8,-6,Bragança Paulista
2023-01,350760,C,474,343,131,Bragança Paulista
2023-02,350760,C,489,537,-48,Bragança Paulista
2023-03,350760,C,419,506,-87,Bragança Paulista
2023-04,350760,C,441,373,68,Bragança Paulista
2023-05,350760,C,514,397,117,Bragança Paulista
2023-06,350760,C,413,441,-28,Bragança Paulista
2023-07,350760,C,460,428,32,Bragança Paulista
2023-08,350760,C,693,521,172,Bragança Paulista
2023-09,350760,C,460,404,56,Bragança Paulista
2023-10,350760,C,490,418,72,Bragança Paulista
2023-11,350760,C,334,368,-34,Bragança Paulista
2023-12,350760,C,251,448,-197,Bragança Paulista
2024-01,350760,C,562,396,166,Bragança Paulista
2024-02,350760,C,489,451,38,Bragança Paulista
2024-03,350760,C,593,508,85,Bragança Paulista
2024-04,350760,C,515,517,-2,Bragança Paulista
2024-05,350760,C,457,462,-5,Bragança Paulista
2024-06,350760,C,393,499,-106,Bragança Paulista
2024-07,350760,C,609,531,78,Bragança Paulista
2024-08,350760,C,529,537,-8,Bragança Paulista
2024-09,350760,C,457,456,1,Bragança Paulista
2024-10,350760,C,504,487,17,Bragança Paulista
2024-11,350760,C,380,417,-37,Bragança Paulista
2024-12,350760,C,261,427,-166,Bragança Paulista
2025-01,350760,C,586,467,119,Bragança Paulista
2025-02,350760,C,654,483,171,Bragança Paulista
2025-03,350760,C,468,486,-18,Bragança Paulista
2025-04,350760,C,427,478,-51,Bragança Paulista
2025-05,350760,C,411,464,-53,Bragança Paulista
2025-06,350760,C,447,545,-98,Bragança Paulista
2025-07,350760,C,598,453,145,Bragança Paulista
2025-08,350760,C,538,493,45,Bragança Paulista
2025-09,350760,C,529,460,69,Bragança Paulista
2025-10,350760,C,480,471,9,Bragança Paulista
2025-11,350760,C,394,455,-61,Bragança Paulista
2025-12,350760,C,204,473,-269,Bragança Paulista
2023-01,350760,D,5,3,2,Bragança Paulista
2023-02,350760,D,5,2,3,Bragança Paulista
2023-03,350760,D,2,1,1,Bragança Paulista
2023-04,350760,D,2,0,2,Bragança Paulista
2023-05,350760,D,2,2,0,Bragança Paulista
2023-06,350760,D,0,4,-4,Bragança Paulista
2023-07,350760,D,0,4,-4,Bragança Paulista
2023-08,350760,D,3,6,-3,Bragança Paulista
2023-09,350760,D,2,1,1,Bragança Paulista
2023-10,350760,D,2,2,0,Bragança Paulista
2023-11,350760,D,1,4,-3,Bragança Paulista
2023-12,350760,D,3,2,1,Bragança Paulista
2024-01,350760,D,14,4,10,Bragança Paulista
2024-02,350760,D,5,3,2,Bragança Paulista
2024-03,350760,D,3,2,1,Bragança Paulista
2024-04,350760,D,1,5,-4,Bragança Paulista
2024-05,350760,D,6,1,5,Bragança Paulista
2024-06,350760,D,3,1,2,Bragança Paulista
2024-07,350760,D,16,0,16,Bragança Paulista
2024-08,350760,D,2,3,-1,Bragança Paulista
2024-09,350760,D,1,5,-4,Bragança Paulista
2024-10,350760,D,1,2,-1,Bragança Paulista
2024-11,350760,D,0,1,-1,Bragança Paulista
2024-12,350760,D,4,8,-4,Bragança Paulista
2025-01,350760,D,4,2,2,Bragança Paulista
2025-02,350760,D,4,4,0,Bragança Paulista
2025-03,350760,D,3,4,-1,Bragança Paulista
2025-04,350760,D,4,0,4,Bragança Paulista
2025-05,350760,D,3,3,0,Bragança Paulista
2025-07,350760,D,2,7,-5,Bragança Paulista
2025-08,350760,D,3,0,3,Bragança Paulista
2025-09,350760,D,2,2,0,Bragança Paulista
2025-10,350760,D,1,4,-3,Bragança Paulista
2025-11,350760,D,1,2,-1,Bragança Paulista
2025-12,350760,D,3,11,-8,Bragança Paulista
2023-01,350760,E,12,9,3,Bragança Paulista
2023-02,350760,E,5,8,-3,Bragança Paulista
2023-03,350760,E,21,9,12,Bragança Paulista
2023-04,350760,E,8,8,0,Bragança Paulista
2023-05,350760,E,14,13,1,Bragança Paulista
2023-06,350760,E,7,9,-2,Bragança Paulista
2023-07,350760,E,6,10,-4,Bragança Paulista
2023-08,350760,E,8,16,-8,Bragança Paulista
2023-09,350760,E,15,13,2,Bragança Paulista
2023-10,350760,E,8,10,-2,Bragança Paulista
2023-11,350760,E,11,15,-4,Bragança Paulista
2023-12,350760,E,7,12,-5,Bragança Paulista
2024-01,350760,E,21,19,2,Bragança Paulista
2024-02,350760,E,11,20,-9,Bragança Paulista
2024-03,350760,E,27,27,0,Bragança Paulista
2024-04,350760,E,27,15,12,Bragança Paulista
2024-05,350760,E,25,16,9,Bragança Paulista
2024-06,350760,E,11,13,-2,Bragança Paulista
2024-07,350760,E,22,24,-2,Bragança Paulista
2024-08,350760,E,18,14,4,Bragança Paulista
2024-09,350760,E,15,17,-2,Bragança Paulista
2024-10,350760,E,12,22,-10,Bragança Paulista
2024-11,350760,E,19,12,7,Bragança Paulista
2024-12,350760,E,6,12,-6,Bragança Paulista
2025-01,350760,E,19,22,-3,Bragança Paulista
2025-02,350760,E,23,15,8,Bragança Paulista
2025-03,350760,E,15,25,-10,Bragança Paulista
2025-04,350760,E,14,22,-8,Bragança Paulista
2025-05,350760,E,14,15,-1,Bragança Paulista
2025-06,350760,E,18,7,11,Bragança Paulista
2025-07,350760,E,12,11,1,Bragança Paulista
2025-08,350760,E,10,7,3,Bragança Paulista
2025-09,350760,E,14,17,-3,Bragança Paulista
2025-10,350760,E,13,13,0,Bragança Paulista
2025-11,350760,E,12,11,1,Bragança Paulista
2025-12,350760,E,12,20,-8,Bragança Paulista
2023-01,350760,F,136,114,22,Bragança Paulista
2023-02,350760,F,210,184,26,Bragança Paulista
2023-03,350760,F,227,227,0,Bragança Paulista
2023-04,350760,F,218,182,36,Bragança Paulista
2023-05,350760,F,220,147,73,Bragança Paulista
2023-06,350760,F,271,119,152,Bragança Paulista
2023-07,350760,F,223,154,69,Bragança Paulista
2023-08,350760,F,262,344,-82,Bragança Paulista
2023-09,350760,F,235,199,36,Bragança Paulista
2023-10,350760,F,198,290,-92,Bragança Paulista
2023-11,350760,F,143,225,-82,Bragança Paulista
2023-12,350760,F,101,238,-137,Bragança Paulista
2024-01,350760,F,170,166,4,Bragança Paulista
2024-02,350760,F,165,197,-32,Bragança Paulista
2024-03,350760,F,163,256,-93,Bragança Paulista
2024-04,350760,F,166,173,-7,Bragança Paulista
2024-05,350760,F,155,188,-33,Bragança Paulista
2024-06,350760,F,142,164,-22,Bragança Paulista
2024-07,350760,F,162,167,-5,Bragança Paulista
2024-08,350760,F,133,141,-8,Bragança Paulista
2024-09,350760,F,109,202,-93,Bragança Paulista
2024-10,350760,F,137,109,28,Bragança Paulista
2024-11,350760,F,116,144,-28,Bragança Paulista
2024-12,350760,F,126,137,-11,Bragança Paulista
2025-01,350760,F,206,256,-50,Bragança Paulista
2025-02,350760,F,153,161,-8,Bragança Paulista
2025-03,350760,F,91,127,-36,Bragança Paulista
2025-04,350760,F,97,119,-22,Bragança Paulista
2025-05,350760,F,106,757,-651,Bragança Paulista
2025-06,350760,F,127,90,37,Bragança Paulista
2025-07,350760,F,92,110,-18,Bragança Paulista
2025-08,350760,F,100,154,-54,Bragança Paulista
2025-09,350760,F,131,140,-9,Bragança Paulista
2025-10,350760,F,112,98,14,Bragança Paulista
2025-11,350760,F,79,91,-12,Bragança Paulista
2025-12,350760,F,64,81,-17,Bragança Paulista
2023-01,350760,G,582,570,12,Bragança Paulista
2023-02,350760,G,556,534,22,Bragança Paulista
2023-03,350760,G,579,584,-5,Bragança Paulista
2023-04,350760,G,509,534,-25,Bragança Paulista
2023-05,350760,G,559,563,-4,Bragança Paulista
2023-06,350760,G,584,541,43,Bragança Paulista
2023-07,350760,G,593,502,91,Bragança Paulista
2023-08,350760,G,648,551,97,Bragança Paulista
2023-09,350760,G,657,611,46,Bragança Paulista
2023-10,350760,G,636,596,40,Bragança Paulista
2023-11,350760,G,644,526,118,Bragança Paulista
2023-12,350760,G,578,606,-28,Bragança Paulista
2024-01,350760,G,552,621,-69,Bragança Paulista
2024-02,350760,G,646,580,66,Bragança Paulista
2024-03,350760,G,638,693,-55,Bragança Paulista
2024-04,350760,G,723,671,52,Bragança Paulista
2024-05,350760,G,655,640,15,Bragança Paulista
2024-06,350760,G,611,645,-34,Bragança Paulista
2024-07,350760,G,650,620,30,Bragança Paulista
2024-08,350760,G,672,633,39,Bragança Paulista
2024-09,350760,G,639,702,-63,Bragança Paulista
2024-10,350760,G,734,650,84,Bragança Paulista
2024-11,350760,G,615,560,55,Bragança Paulista
2024-12,350760,G,622,630,-8,Bragança Paulista
2025-01,350760,G,636,719,-83,Bragança Paulista
2025-02,350760,G,716,607,109,Bragança Paulista
2025-03,350760,G,594,700,-106,Bragança Paulista
2025-04,350760,G,646,601,45,Bragança Paulista
2025-05,350760,G,642,638,4,Bragança Paulista
2025-06,350760,G,621,567,54,Bragança Paulista
2025-07,350760,G,600,595,5,Bragança Paulista
2025-08,350760,G,649,581,68,Bragança Paulista
2025-09,350760,G,627,724,-97,Bragança Paulista
2025-10,350760,G,612,623,-11,Bragança Paulista
2025-11,350760,G,652,493,159,Bragança Paulista
2025-12,350760,G,495,579,-84,Bragança Paulista
2023-01,350760,H,64,52,12,Bragança Paulista
2023-02,350760,H,50,53,-3,Bragança Paulista
2023-03,350760,H,53,62,-9,Bragança Paulista
2023-04,350760,H,43,35,8,Bragança Paulista
2023-05,350760,H,49,63,-14,Bragança Paulista
2023-06,350760,H,55,45,10,Bragança Paulista
2023-07,350760,H,60,68,-8,Bragança Paulista
2023-08,350760,H,69,43,26,Bragança Paulista
2023-09,350760,H,60,39,21,Bragança Paulista
2023-10,350760,H,80,50,30,Bragança Paulista
2023-11,350760,H,59,43,16,Bragança Paulista
2023-12,350760,H,27,49,-22,Bragança Paulista
2024-01,350760,H,54,46,8,Bragança Paulista
2024-02,350760,H,76,48,28,Bragança Paulista
2024-03,350760,H,45,61,-16,Bragança Paulista
2024-04,350760,H,49,45,4,Bragança Paulista
2024-05,350760,H,59,43,16,Bragança Paulista
2024-06,350760,H,49,42,7,Bragança Paulista
2024-07,350760,H,75,54,21,Bragança Paulista
2024-08,350760,H,50,47,3,Bragança Paulista
2024-09,350760,H,56,39,17,Bragança Paulista
2024-10,350760,H,56,73,-17,Bragança Paulista
2024-11,350760,H,34,26,8,Bragança Paulista
2024-12,350760,H,59,42,17,Bragança Paulista
2025-01,350760,H,47,61,-14,Bragança Paulista
2025-02,350760,H,64,63,1,Bragança Paulista
2025-03,350760,H,54,57,-3,Bragança Paulista
2025-04,350760,H,59,45,14,Bragança Paulista
2025-05,350760,H,61,61,0,Bragança Paulista
2025-06,350760,H,49,64,-15,Bragança Paulista
2025-07,350760,H,63,36,27,Bragança Paulista
2025-08,350760,H,57,35,22,Bragança Paulista
2025-09,350760,H,72,54,18,Bragança Paulista
2025-10,350760,H,49,78,-29,Bragança Paulista
2025-11,350760,H,49,41,8,Bragança Paulista
2025-12,350760,H,40,35,5,Bragança Paulista
2023-01,350760,I,95,116,-21,Bragança Paulista
2023-02,350760,I,158,86,72,Bragança Paulista
2023-03,350760,I,148,146,2,Bragança Paulista
2023-04,350760,I,127,119,8,Bragança Paulista
2023-05,350760,I,99,140,-41,Bragança Paulista
2023-06,350760,I,129,102,27,Bragança Paulista
2023-07,350760,I,133,109,24,Bragança Paulista
2023-08,350760,I,120,151,-31,Bragança Paulista
2023-09,350760,I,127,119,8,Bragança Paulista
2023-10,350760,I,140,121,19,Bragança Paulista
2023-11,350760,I,110,95,15,Bragança Paulista
2023-12,350760,I,112,109,3,Bragança Paulista
2024-01,350760,I,157,119,38,Bragança Paulista
2024-02,350760,I,182,116,66,Bragança Paulista
2024-03,350760,I,152,128,24,Bragança Paulista
2024-04,350760,I,144,137,7,Bragança Paulista
2024-05,350760,I,144,152,-8,Bragança Paulista
2024-06,350760,I,127,147,-20,Bragança Paulista
2024-07,350760,I,141,179,-38,Bragança Paulista
2024-08,350760,I,166,120,46,Bragança Paulista
2024-09,350760,I,161,136,25,Bragança Paulista
2024-10,350760,I,136,137,-1,Bragança Paulista
2024-11,350760,I,149,106,43,Bragança Paulista
2024-12,350760,I,72,131,-59,Bragança Paulista
2025-01,350760,I,113,146,-33,Bragança Paulista
2025-02,350760,I,168,135,33,Bragança Paulista
2025-03,350760,I,132,170,-38,Bragança Paulista
2025-04,350760,I,115,118,-3,Bragança Paulista
2025-05,350760,I,135,125,10,Bragança Paulista
2025-06,350760,I,121,96,25,Bragança Paulista
2025-07,350760,I,116,120,-4,Bragança Paulista
2025-08,350760,I,111,116,-5,Bragança Paulista
2025-09,350760,I,126,119,7,Bragança Paulista
2025-10,350760,I,131,97,34,Bragança Paulista
2025-11,350760,I,116,143,-27,Bragança Paulista
2025-12,350760,I,67,326,-259,Bragança Paulista
2023-01,350760,J,8,16,-8,Bragança Paulista
2023-02,350760,J,11,13,-2,Bragança Paulista
2023-03,350760,J,7,10,-3,Bragança Paulista
2023-04,350760,J,18,12,6,Bragança Paulista
2023-05,350760,J,12,18,-6,Bragança Paulista
2023-06,350760,J,17,12,5,Bragança Paulista
2023-07,350760,J,14,14,0,Bragança Paulista
2023-08,350760,J,8,11,-3,Bragança Paulista
2023-09,350760,J,6,4,2,Bragança Paulista
2023-10,350760,J,7,7,0,Bragança Paulista
2023-11,350760,J,10,15,-5,Bragança Paulista
2023-12,350760,J,4,9,-5,Bragança Paulista
2024-01,350760,J,13,10,3,Bragança Paulista
2024-02,350760,J,7,13,-6,Bragança Paulista
2024-03,350760,J,6,9,-3,Bragança Paulista
2024-04,350760,J,17,19,-2,Bragança Paulista
2024-05,350760,J,35,18,17,Bragança Paulista
2024-06,350760,J,20,14,6,Bragança Paulista
2024-07,350760,J,23,16,7,Bragança Paulista
2024-08,350760,J,8,20,-12,Bragança Paulista
2024-09,350760,J,13,8,5,Bragança Paulista
2024-10,350760,J,15,19,-4,Bragança Paulista
2024-11,350760,J,15,10,5,Bragança Paulista
2024-12,350760,J,24,12,12,Bragança Paulista
2025-01,350760,J,14,26,-12,Bragança Paulista
2025-02,350760,J,20,16,4,Bragança Paulista
2025-03,350760,J,14,13,1,Bragança Paulista
2025-04,350760,J,15,14,1,Bragança Paulista
2025-05,350760,J,26,19,7,Bragança Paulista
2025-06,350760,J,18,22,-4,Bragança Paulista
2025-07,350760,J,17,17,0,Bragança Paulista
2025-08,350760,J,14,21,-7,Bragança Paulista
2025-09,350760,J,14,18,-4,Bragança Paulista
2025-10,350760,J,24,17,7,Bragança Paulista
2025-11,350760,J,12,9,3,Bragança Paulista
2025-12,350760,J,16,15,1,Bragança Paulista
2023-01,350760,K,21,17,4,Bragança Paulista
2023-02,350760,K,18,20,-2,Bragança Paulista
2023-03,350760,K,15,19,-4,Bragança Paulista
2023-04,350760,K,14,10,4,Bragança Paulista
2023-05,350760,K,10,14,-4,Bragança Paulista
2023-06,350760,K,10,17,-7,Bragança Paulista
2023-07,350760,K,13,16,-3,Bragança Paulista
2023-08,350760,K,17,22,-5,Bragança Paulista
2023-09,350760,K,15,14,1,Bragança Paulista
2023-10,350760,K,18,13,5,Bragança Paulista
2023-11,350760,K,11,19,-8,Bragança Paulista
2023-12,350760,K,19,20,-1,Bragança Paulista
2024-01,350760,K,14,18,-4,Bragança Paulista
2024-02,350760,K,21,16,5,Bragança Paulista
2024-03,350760,K,26,19,7,Bragança Paulista
2024-04,350760,K,18,13,5,Bragança Paulista
2024-05,350760,K,9,14,-5,Bragança Paulista
2024-06,350760,K,16,20,-4,Bragança Paulista
2024-07,350760,K,20,13,7,Bragança Paulista
2024-08,350760,K,14,24,-10,Bragança Paulista
2024-09,350760,K,11,16,-5,Bragança Paulista
2024-10,350760,K,24,19,5,Bragança Paulista
2024-11,350760,K,9,9,0,Bragança Paulista
2024-12,350760,K,6,8,-2,Bragança Paulista
2025-01,350760,K,13,11,2,Bragança Paulista
2025-02,350760,K,15,18,-3,Bragança Paulista
2025-03,350760,K,18,17,1,Bragança Paulista
2025-04,350760,K,13,10,3,Bragança Paulista
2025-05,350760,K,14,21,-7,Bragança Paulista
2025-06,350760,K,15,11,4,Bragança Paulista
2025-07,350760,K,12,12,0,Bragança Paulista
2025-08,350760,K,15,12,3,Bragança Paulista
2025-09,350760,K,14,19,-5,Bragança Paulista
2025-10,350760,K,12,16,-4,Bragança Paulista
2025-11,350760,K,7,20,-13,Bragança Paulista
2025-12,350760,K,3,11,-8,Bragança Paulista
2023-01,350760,L,7,2,5,Bragança Paulista
2023-02,350760,L,10,3,7,Bragança Paulista
2023-03,350760,L,11,2,9,Bragança Paulista
2023-04,350760,L,9,3,6,Bragança Paulista
2023-05,350760,L,7,9,-2,Bragança Paulista
2023-06,350760,L,6,4,2,Bragança Paulista
2023-07,350760,L,9,6,3,Bragança Paulista
2023-08,350760,L,10,5,5,Bragança Paulista
2023-09,350760,L,13,9,4,Bragança Paulista
2023-10,350760,L,10,6,4,Bragança Paulista
2023-11,350760,L,5,5,0,Bragança Paulista
2023-12,350760,L,4,5,-1,Bragança Paulista
2024-01,350760,L,2,5,-3,Bragança Paulista
2024-02,350760,L,6,4,2,Bragança Paulista
2024-03,350760,L,6,7,-1,Bragança Paulista
2024-04,350760,L,3,4,-1,Bragança Paulista
2024-05,350760,L,4,6,-2,Bragança Paulista
2024-06,350760,L,8,4,4,Bragança Paulista
2024-07,350760,L,7,6,1,Bragança Paulista
2024-08,350760,L,6,5,1,Bragança Paulista
2024-09,350760,L,11,5,6,Bragança Paulista
2024-10,350760,L,4,11,-7,Bragança Paulista
2024-11,350760,L,5,2,3,Bragança Paulista
2024-12,350760,L,2,4,-2,Bragança Paulista
2025-01,350760,L,6,4,2,Bragança Paulista
2025-02,350760,L,4,7,-3,Bragança Paulista
2025-03,350760,L,8,12,-4,Bragança Paulista
2025-04,350760,L,6,6,0,Bragança Paulista
2025-05,350760,L,10,4,6,Bragança Paulista
2025-06,350760,L,5,10,-5,Bragança Paulista
2025-07,350760,L,3,2,1,Bragança Paulista
2025-08,350760,L,7,3,4,Bragança Paulista
2025-09,350760,L,8,5,3,Bragança Paulista
2025-10,350760,L,3,1,2,Bragança Paulista
2025-11,350760,L,2,4,-2,Bragança Paulista
2025-12,350760,L,2,5,-3,Bragança Paulista
2023-01,350760,M,26,21,5,Bragança Paulista
2023-02,350760,M,34,33,1,Bragança Paulista
2023-03,350760,M,43,24,19,Bragança Paulista
2023-04,350760,M,39,18,21,Bragança Paulista
2023-05,350760,M,26,31,-5,Bragança Paulista
2023-06,350760,M,34,21,13,Bragança Paulista
2023-07,350760,M,34,50,-16,Bragança Paulista
2023-08,350760,M,43,33,10,Bragança Paulista
2023-09,350760,M,32,23,9,Bragança Paulista
2023-10,350760,M,20,19,1,Bragança Paulista
2023-11,350760,M,22,41,-19,Bragança Paulista
2023-12,350760,M,23,32,-9,Bragança Paulista
2024-01,350760,M,47,33,14,Bragança Paulista
2024-02,350760,M,40,32,8,Bragança Paulista
2024-03,350760,M,35,30,5,Bragança Paulista
2024-04,350760,M,38,37,1,Bragança Paulista
2024-05,350760,M,40,35,5,Bragança Paulista
2024-06,350760,M,24,28,-4,Bragança Paulista
2024-07,350760,M,35,24,11,Bragança Paulista
2024-08,350760,M,27,24,3,Bragança Paulista
2024-09,350760,M,39,34,5,Bragança Paulista
2024-10,350760,M,40,21,19,Bragança Paulista
2024-11,350760,M,24,29,-5,Bragança Paulista
2024-12,350760,M,23,16,7,Bragança Paulista
2025-01,350760,M,40,40,0,Bragança Paulista
2025-02,350760,M,39,26,13,Bragança Paulista
2025-03,350760,M,21,30,-9,Bragança Paulista
2025-04,350760,M,28,23,5,Bragança Paulista
2025-05,350760,M,30,32,-2,Bragança Paulista
2025-06,350760,M,26,19,7,Bragança Paulista
2025-07,350760,M,22,17,5,Bragança Paulista
2025-08,350760,M,26,35,-9,Bragança Paulista
2025-09,350760,M,44,41,3,Bragança Paulista
2025-10,350760,M,30,30,0,Bragança Paulista
2025-11,350760,M,34,44,-10,Bragança Paulista
2025-12,350760,M,31,29,2,Bragança Paulista
2023-01,350760,N,809,675,134,Bragança Paulista
2023-02,350760,N,474,612,-138,Bragança Paulista
2023-03,350760,N,552,807,-255,Bragança Paulista
2023-04,350760,N,367,557,-190,Bragança Paulista
2023-05,350760,N,571,451,120,Bragança Paulista
2023-06,350760,N,383,448,-65,Bragança Paulista
2023-07,350760,N,446,435,11,Bragança Paulista
2023-08,350760,N,592,500,92,Bragança Paulista
2023-09,350760,N,597,493,104,Bragança Paulista
2023-10,350760,N,852,521,331,Bragança Paulista
2023-11,350760,N,1170,691,479,Bragança Paulista
2023-12,350760,N,376,870,-494,Bragança Paulista
2024-01,350760,N,568,805,-237,Bragança Paulista
2024-02,350760,N,521,547,-26,Bragança Paulista
2024-03,350760,N,765,613,152,Bragança Paulista
2024-04,350760,N,810,618,192,Bragança Paulista
2024-05,350760,N,753,735,18,Bragança Paulista
2024-06,350760,N,662,670,-8,Bragança Paulista
2024-07,350760,N,908,877,31,Bragança Paulista
2024-08,350760,N,761,972,-211,Bragança Paulista
2024-09,350760,N,654,765,-111,Bragança Paulista
2024-10,350760,N,1058,699,359,Bragança Paulista
2024-11,350760,N,937,688,249,Bragança Paulista
2024-12,350760,N,561,938,-377,Bragança Paulista
2025-01,350760,N,791,864,-73,Bragança Paulista
2025-02,350760,N,813,698,115,Bragança Paulista
2025-03,350760,N,900,745,155,Bragança Paulista
2025-04,350760,N,847,756,91,Bragança Paulista
2025-05,350760,N,790,699,91,Bragança Paulista
2025-06,350760,N,824,828,-4,Bragança Paulista
2025-07,350760,N,978,825,153,Bragança Paulista
2025-08,350760,N,831,856,-25,Bragança Paulista
2025-09,350760,N,974,795,179,Bragança Paulista
2025-10,350760,N,1590,1142,448,Bragança Paulista
2025-11,350760,N,1276,1289,-13,Bragança Paulista
2025-12,350760,N,433,1200,-767,Bragança Paulista
2023-01,350760,O,9,36,-27,Bragança Paulista
2023-02,350760,O,14,51,-37,Bragança Paulista
2023-03,350760,O,3,30,-27,Bragança Paulista
2023-04,350760,O,36,60,-24,Bragança Paulista
2023-05,350760,O,21,40,-19,Bragança Paulista
2023-06,350760,O,8,20,-12,Bragança Paulista
2023-07,350760,O,5,13,-8,Bragança Paulista
2023-08,350760,O,4,30,-26,Bragança Paulista
2023-09,350760,O,12,7,5,Bragança Paulista
2023-10,350760,O,16,37,-21,Bragança Paulista
2023-11,350760,O,62,35,27,Bragança Paulista
2023-12,350760,O,37,32,5,Bragança Paulista
2024-01,350760,O,29,22,7,Bragança Paulista
2024-02,350760,O,89,36,53,Bragança Paulista
2024-03,350760,O,82,31,51,Bragança Paulista
2024-04,350760,O,78,43,35,Bragança Paulista
2024-05,350760,O,41,28,13,Bragança Paulista
2024-06,350760,O,49,39,10,Bragança Paulista
2024-07,350760,O,53,43,10,Bragança Paulista
2024-08,350760,O,41,21,20,Bragança Paulista
2024-09,350760,O,51,22,29,Bragança Paulista
2024-10,350760,O,31,15,16,Bragança Paulista
2024-11,350760,O,6,78,-72,Bragança Paulista
2024-12,350760,O,1,152,-151,Bragança Paulista
2025-01,350760,O,114,23,91,Bragança Paulista
2025-02,350760,O,50,63,-13,Bragança Paulista
2025-03,350760,O,30,34,-4,Bragança Paulista
2025-04,350760,O,41,140,-99,Bragança Paulista
2025-05,350760,O,76,34,42,Bragança Paulista
2025-06,350760,O,7,32,-25,Bragança Paulista
2025-07,350760,O,5,36,-31,Bragança Paulista
2025-08,350760,O,2,26,-24,Bragança Paulista
2025-09,350760,O,1,22,-21,Bragança Paulista
2025-10,350760,O,0,32,-32,Bragança Paulista
2025-11,350760,O,0,65,-65,Bragança Paulista
2025-12,350760,O,1,10,-9,Bragança Paulista
2023-01,350760,P,126,91,35,Bragança Paulista
2023-02,350760,P,135,81,54,Bragança Paulista
2023-03,350760,P,99,93,6,Bragança Paulista
2023-04,350760,P,85,78,7,Bragança Paulista
2023-05,350760,P,80,65,15,Bragança Paulista
2023-06,350760,P,54,72,-18,Bragança Paulista
2023-07,350760,P,79,62,17,Bragança Paulista
2023-08,350760,P,100,71,29,Bragança Paulista
2023-09,350760,P,88,61,27,Bragança Paulista
2023-10,350760,P,62,57,5,Bragança Paulista
2023-11,350760,P,43,45,-2,Bragança Paulista
2023-12,350760,P,20,149,-129,Bragança Paulista
2024-01,350760,P,124,63,61,Bragança Paulista
2024-02,350760,P,108,71,37,Bragança Paulista
2024-03,350760,P,102,91,11,Bragança Paulista
2024-04,350760,P,118,56,62,Bragança Paulista
2024-05,350760,P,64,63,1,Bragança Paulista
2024-06,350760,P,66,92,-26,Bragança Paulista
2024-07,350760,P,96,69,27,Bragança Paulista
2024-08,350760,P,95,81,14,Bragança Paulista
2024-09,350760,P,85,81,4,Bragança Paulista
2024-10,350760,P,85,52,33,Bragança Paulista
2024-11,350760,P,77,50,27,Bragança Paulista
2024-12,350760,P,28,172,-144,Bragança Paulista
2025-01,350760,P,176,90,86,Bragança Paulista
2025-02,350760,P,135,90,45,Bragança Paulista
2025-03,350760,P,71,67,4,Bragança Paulista
2025-04,350760,P,88,64,24,Bragança Paulista
2025-05,350760,P,71,55,16,Bragança Paulista
2025-06,350760,P,60,114,-54,Bragança Paulista
2025-07,350760,P,77,66,11,Bragança Paulista
2025-08,350760,P,103,70,33,Bragança Paulista
2025-09,350760,P,71,74,-3,Bragança Paulista
2025-10,350760,P,30,52,-22,Bragança Paulista
2025-11,350760,P,40,31,9,Bragança Paulista
2025-12,350760,P,15,172,-157,Bragança Paulista
2023-01,350760,Q,86,94,-8,Bragança Paulista
2023-02,350760,Q,129,84,45,Bragança Paulista
2023-03,350760,Q,153,102,51,Bragança Paulista
2023-04,350760,Q,145,87,58,Bragança Paulista
2023-05,350760,Q,126,113,13,Bragança Paulista
2023-06,350760,Q,133,111,22,Bragança Paulista
2023-07,350760,Q,108,106,2,Bragança Paulista
2023-08,350760,Q,159,99,60,Bragança Paulista
2023-09,350760,Q,109,90,19,Bragança Paulista
2023-10,350760,Q,82,89,-7,Bragança Paulista
2023-11,350760,Q,106,115,-9,Bragança Paulista
2023-12,350760,Q,84,121,-37,Bragança Paulista
2024-01,350760,Q,132,119,13,Bragança Paulista
2024-02,350760,Q,148,116,32,Bragança Paulista
2024-03,350760,Q,160,118,42,Bragança Paulista
2024-04,350760,Q,130,124,6,Bragança Paulista
2024-05,350760,Q,145,109,36,Bragança Paulista
2024-06,350760,Q,141,118,23,Bragança Paulista
2024-07,350760,Q,131,94,37,Bragança Paulista
2024-08,350760,Q,144,118,26,Bragança Paulista
2024-09,350760,Q,137,105,32,Bragança Paulista
2024-10,350760,Q,138,127,11,Bragança Paulista
2024-11,350760,Q,101,99,2,Bragança Paulista
2024-12,350760,Q,95,101,-6,Bragança Paulista
2025-01,350760,Q,134,132,2,Bragança Paulista
2025-02,350760,Q,124,134,-10,Bragança Paulista
2025-03,350760,Q,185,118,67,Bragança Paulista
2025-04,350760,Q,168,123,45,Bragança Paulista
2025-05,350760,Q,138,109,29,Bragança Paulista
2025-06,350760,Q,144,111,33,Bragança Paulista
2025-07,350760,Q,507,130,377,Bragança Paulista
2025-08,350760,Q,208,138,70,Bragança Paulista
2025-09,350760,Q,175,123,52,Bragança Paulista
2025-10,350760,Q,155,141,14,Bragança Paulista
2025-11,350760,Q,144,110,34,Bragança Paulista
2025-12,350760,Q,113,113,0,Bragança Paulista
2023-01,350760,R,47,32,15,Bragança Paulista
2023-02,350760,R,66,27,39,Bragança Paulista
2023-03,350760,R,45,40,5,Bragança Paulista
2023-04,350760,R,33,19,14,Bragança Paulista
2023-05,350760,R,23,21,2,Bragança Paulista
2023-06,350760,R,27,31,-4,Bragança Paulista
2023-07,350760,R,44,38,6,Bragança Paulista
2023-08,350760,R,53,31,22,Bragança Paulista
2023-09,350760,R,47,30,17,Bragança Paulista
2023-10,350760,R,37,26,11,Bragança Paulista
2023-11,350760,R,28,38,-10,Bragança Paulista
2023-12,350760,R,30,53,-23,Bragança Paulista
2024-01,350760,R,86,34,52,Bragança Paulista
2024-02,350760,R,47,25,22,Bragança Paulista
2024-03,350760,R,36,39,-3,Bragança Paulista
2024-04,350760,R,57,60,-3,Bragança Paulista
2024-05,350760,R,41,32,9,Bragança Paulista
2024-06,350760,R,35,32,3,Bragança Paulista
2024-07,350760,R,41,33,8,Bragança Paulista
2024-08,350760,R,48,33,15,Bragança Paulista
2024-09,350760,R,41,34,7,Bragança Paulista
2024-10,350760,R,38,38,0,Bragança Paulista
2024-11,350760,R,31,26,5,Bragança Paulista
2024-12,350760,R,24,50,-26,Bragança Paulista
2025-01,350760,R,43,29,14,Bragança Paulista
2025-02,350760,R,44,30,14,Bragança Paulista
2025-03,350760,R,42,35,7,Bragança Paulista
2025-04,350760,R,34,23,11,Bragança Paulista
2025-05,350760,R,32,30,2,Bragança Paulista
2025-06,350760,R,36,31,5,Bragança Paulista
2025-07,350760,R,60,36,24,Bragança Paulista
2025-08,350760,R,38,25,13,Bragança Paulista
2025-09,350760,R,33,30,3,Bragança Paulista
2025-10,350760,R,37,32,5,Bragança Paulista
2025-11,350760,R,44,34,10,Bragança Paulista
2025-12,350760,R,21,53,-32,Bragança Paulista
2023-01,350760,S,48,35,13,Bragança Paulista
2023-02,350760,S,65,40,25,Bragança Paulista
2023-03,350760,S,48,61,-13,Bragança Paulista
2023-04,350760,S,55,49,6,Bragança Paulista
2023-05,350760,S,49,43,6,Bragança Paulista
2023-06,350760,S,42,52,-10,Bragança Paulista
2023-07,350760,S,45,54,-9,Bragança Paulista
2023-08,350760,S,38,43,-5,Bragança Paulista
2023-09,350760,S,39,37,2,Bragança Paulista
2023-10,350760,S,41,41,0,Bragança Paulista
2023-11,350760,S,43,42,1,Bragança Paulista
2023-12,350760,S,22,30,-8,Bragança Paulista
2024-01,350760,S,41,52,-11,Bragança Paulista
2024-02,350760,S,65,54,11,Bragança Paulista
2024-03,350760,S,61,62,-1,Bragança Paulista
2024-04,350760,S,61,54,7,Bragança Paulista
2024-05,350760,S,69,58,11,Bragança Paulista
2024-06,350760,S,52,45,7,Bragança Paulista
2024-07,350760,S,51,54,-3,Bragança Paulista
2024-08,350760,S,52,32,20,Bragança Paulista
2024-09,350760,S,65,54,11,Bragança Paulista
2024-10,350760,S,58,54,4,Bragança Paulista
2024-11,350760,S,37,45,-8,Bragança Paulista
2024-12,350760,S,26,41,-15,Bragança Paulista
2025-01,350760,S,52,52,0,Bragança Paulista
2025-02,350760,S,64,50,14,Bragança Paulista
2025-03,350760,S,50,58,-8,Bragança Paulista
2025-04,350760,S,64,59,5,Bragança Paulista
2025-05,350760,S,57,46,11,Bragança Paulista
2025-06,350760,S,37,44,-7,Bragança Paulista
2025-07,350760,S,45,43,2,Bragança Paulista
2025-08,350760,S,48,44,4,Bragança Paulista
2025-09,350760,S,53,44,9,Bragança Paulista
2025-10,350760,S,40,50,-10,Bragança Paulista
2025-11,350760,S,31,40,-9,Bragança Paulista
2025-12,350760,S,21,44,-23,Bragança Paulista
2025-09,350760,T,2,0,2,Bragança Paulista
2025-11,350760,T,1,0,1,Bragança Paulista
2025-12,350760,T,0,2,-2,Bragança Paulista
